cntrycode,bscr_entity,region,sum_pml,sum_net,count_policies,is_geocoded
AE,33,ALL,13444442.071932495,10874902.2548474,5,0
AR,33,ALL,1280103.491328087,1280103.491328087,2,0
AT,33,ALL,721312.7143443596,440490.4210029798,4,0
AU,33,ALL,25890584.562796935,20120637.850301262,9,0
BE,33,ALL,15747994.657685466,8286041.567590246,5,0
BM,33,ALL,4196482.934460506,4196482.934460506,3,0
BR,33,ALL,96654148.17925969,62620844.42920324,4,0
BS,33,ALL,3238733.284195006,1653587.9751500457,4,0
BW,33,ALL,819000.0,819000.0,1,0
CA,33,ALL,18301343.574820016,16479715.692330807,4,0
CH,33,ALL,567471554.1259507,316798265.652394,37,0
CI,33,ALL,2841840.0,1420920.0,1,0
CL,33,ALL,13778406.45959011,13778406.45959011,11,0
CN,33,ALL,65415404.641072765,46728236.2248406,16,0
CO,33,ALL,11968513.260463474,10758732.728265334,8,0
CY,33,ALL,9480466.5,9480466.5,3,0
CZ,33,ALL,17156131.435104,17156131.435104,1,0
DE,33,ALL,5733618.086427593,5522417.433213796,4,0
DO,33,ALL,538678.710570256,538678.710570256,1,0
EE,33,ALL,56000.0,56000.0,1,0
ES,33,ALL,159239457.1495552,89793522.3747776,6,0
FR,33,ALL,269694076.2154452,128815325.5824513,21,0
GB,33,ALL,152000.0,152000.0,1,0
GI,33,ALL,2714095.0,2714095.0,1,0
GR,33,ALL,121154640.90999785,95061619.36495052,22,0
GT,33,ALL,5197163.089095807,5197163.089095807,4,0
HK,33,ALL,69928150.64870977,50023445.72733458,20,0
ID,33,ALL,0.0,0.0,1,0
IE,33,ALL,59424635.864,42828507.564,11,0
IL,33,ALL,77873629.50602305,49272739.651747815,19,0
IN,33,ALL,15613768.340378208,7862072.316069758,2,0
IT,33,ALL,26059506.934906065,24828728.933958396,8,0
JP,33,ALL,3060082.643000042,1599407.467380675,3,0
KE,33,ALL,507679.116713549,253839.5583567745,1,0
KR,33,ALL,146853.9764436889,128615.13410249846,2,0
KW,33,ALL,129332.571187894,129332.571187894,1,0
KY,33,ALL,3716311.9180493057,3614964.124009083,2,0
LB,33,ALL,36233826.267543145,32540321.551768232,9,0
LT,33,ALL,3950744.8,3950744.8,2,0
LU,33,ALL,2723.0,2723.0,1,0
MA,33,ALL,160000.0,160000.0,1,0
MC,33,ALL,70175004.68157943,37352524.26646368,14,0
MT,33,ALL,2000.0,2000.0,1,0
MX,33,ALL,7114586.373140398,7114586.373140398,2,0
MY,33,ALL,3683494.03571052,1841747.01785526,1,0
NG,33,ALL,1504234.419892,752117.209946,1,0
NL,33,ALL,18020966.544,18020966.544,4,0
NZ,33,ALL,1258181.0917733419,1258181.0917733419,4,0
OM,33,ALL,2500.0,2500.0,1,0
PA,33,ALL,1009571.44361377,1009571.44361377,1,0
PH,33,ALL,169226.37223785,84613.186118925,1,0
PL,33,ALL,229138.0,229138.0,1,0
PT,33,ALL,7151550.608372574,7151550.608372574,2,0
PY,33,ALL,6421396.23038855,6421396.23038855,1,0
QA,33,ALL,2237.95565140872,1118.97782570436,1,0
RO,33,ALL,4000.0,4000.0,1,0
SA,33,ALL,12947615.8636562,6483807.9318281,2,0
SC,33,ALL,4054620.632079304,2572200.431715277,3,0
SE,33,ALL,264348333.14132863,216781498.11759406,5,0
SG,33,ALL,21556194.915717743,10975771.473728545,7,0
SK,33,ALL,4200.0,4200.0,1,0
SN,33,ALL,683280.0,341640.0,1,0
TH,33,ALL,131620.51174055,65810.255870275,1,0
TR,33,ALL,6637471.607575321,3318735.8037876603,1,0
TW,33,ALL,2572431.978519528,1341404.135140418,2,0
US,33,ALL,2365811502.9090543,1413295965.355323,326,0
UY,33,ALL,26957835.557093173,17031956.708133373,4,0
VN,33,ALL,11322.0,11322.0,1,0
ZA,33,ALL,93771188.57508783,90543098.61781561,11,0
AE,33,ALL,88675015.9611523,53579580.425126605,13,1
AR,33,ALL,43058200.41667289,43058200.41667289,18,1
AT,33,ALL,117299776.07014093,59699152.01479954,12,1
AU,33,ALL,334471885.17615,170352245.8216404,28,1
BE,33,ALL,280411812.0868323,203677116.44909048,57,1
BM,33,ALL,7305574.822161886,7305574.822161886,5,1
BR,33,ALL,129080595.60927524,93901441.28986606,11,1
BS,33,ALL,10107545.451947235,8522400.142902274,7,1
CA,33,ALL,210957528.07712308,106631319.72413285,18,1
CH,33,ALL,3452284902.26419,2433750640.4874005,827,1
CI,33,ALL,2841840.0,1420920.0,1,1
CL,33,ALL,104253862.22035946,79488495.52186815,40,1
CN,33,ALL,106172177.81325063,44299276.505305015,14,1
CO,33,ALL,151583328.4396453,92511615.64190476,28,1
CR,33,ALL,1932798.116698511,1932798.116698511,2,1
CY,33,ALL,41104787.13281488,39213212.34980069,6,1
CZ,33,ALL,17725731.435104,17725731.435104,4,1
DE,33,ALL,183792082.0820087,115503381.26928669,33,1
DK,33,ALL,618592460.8098859,568389716.2126927,154,1
DO,33,ALL,23167430.6926036,23167430.6926036,10,1
EC,33,ALL,6112118.112486638,6112118.112486638,3,1
ES,33,ALL,614384058.0465851,420289442.80860513,81,1
FI,33,ALL,178626629.44654274,141265503.43659675,32,1
FR,33,ALL,2275085169.2213316,1498937035.1383283,333,1
GB,33,ALL,9371114846.996006,7182976179.930439,1683,1
GG,33,ALL,5437249.791934295,5174549.895967147,2,1
GH,33,ALL,911500.0,911500.0,2,1
GI,33,ALL,3760926.73626258,3760926.73626258,1,1
GR,33,ALL,281652901.3418503,209271148.1360032,43,1
GT,33,ALL,13445853.44244048,13445853.44244048,10,1
HK,33,ALL,103903349.83716828,83998644.91579309,31,1
HN,33,ALL,2133373.76619045,2133373.76619045,1,1
HU,33,ALL,4368800.0,4368800.0,1,1
ID,33,ALL,6355328.238240639,3497181.397450843,3,1
IE,33,ALL,310615190.88789994,210109419.3603245,60,1
IL,33,ALL,118255692.51285431,88344175.71247579,38,1
IM,33,ALL,712941.0,712941.0,1,1
IN,33,ALL,15613768.340378208,7862072.316069758,2,1
IS,33,ALL,5543424.18798417,5543424.18798417,4,1
IT,33,ALL,1171699364.2789078,824655516.0782858,206,1
JO,33,ALL,5001.0,5001.0,1,1
JP,33,ALL,83586974.90070543,47547710.997818835,10,1
KE,33,ALL,507679.116713549,253839.5583567745,1,1
KR,33,ALL,146853.9764436889,128615.13410249846,2,1
KY,33,ALL,3716311.9180493057,3614964.124009083,2,1
LB,33,ALL,25253041.312895793,21559536.59712089,9,1
LI,33,ALL,11747642.031837123,11747642.031837123,4,1
LT,33,ALL,3637140.0,3637140.0,4,1
LU,33,ALL,15425010.842777418,15425010.842777418,4,1
MA,33,ALL,636050.8055175319,636050.8055175319,2,1
MC,33,ALL,338920050.44964075,202397157.63661495,43,1
MT,33,ALL,1199276.0,1199276.0,2,1
MX,33,ALL,22688725.59334642,22688725.59334642,13,1
MY,33,ALL,3683494.03571052,1841747.01785526,1,1
NG,33,ALL,1542234.419892,790117.209946,2,1
NL,33,ALL,51013102.48498177,43391627.57981621,23,1
NO,33,ALL,161170551.5478677,93631415.33316496,17,1
NZ,33,ALL,9412113.381831858,9412113.381831858,11,1
PA,33,ALL,8016098.617608573,8016098.617608573,7,1
PE,33,ALL,147443397.54639003,114492018.53206621,40,1
PH,33,ALL,169226.37223785,84613.186118925,1,1
PL,33,ALL,11831807.323602945,11831807.323602945,6,1
PR,33,ALL,5830505.30242632,5830505.30242632,2,1
PT,33,ALL,115973936.62573147,49767654.61069662,12,1
QA,33,ALL,389545.2256163597,388426.24779065535,2,1
RO,33,ALL,4000.0,4000.0,1,1
SA,33,ALL,12947615.8636562,6483807.9318281,2,1
SC,33,ALL,485674.047443554,242837.023721777,1,1
SE,33,ALL,2694309250.7946787,2430519956.7227507,462,1
SG,33,ALL,75340142.25775777,42846654.58754989,15,1
SK,33,ALL,7055894.33204471,7055894.33204471,2,1
SN,33,ALL,683280.0,341640.0,1,1
SV,33,ALL,2896398.306232046,2896398.306232046,4,1
TH,33,ALL,131620.51174055,65810.255870275,1,1
TR,33,ALL,11289232.179395001,7970496.375607341,3,1
TW,33,ALL,2583834.2745195283,1352806.4311404182,3,1
US,33,ALL,738973417.3485165,426252309.81766593,106,1
UY,33,ALL,4723077.212352772,4723077.212352772,3,1
VC,33,ALL,1800000.0,1800000.0,1,1
VN,33,ALL,11322.0,11322.0,1,1
ZA,33,ALL,161023016.79543495,146142616.40434763,26,1
AE,3624,ALL,36000.0,36000.0,1,0
AU,3624,ALL,108000.0,108000.0,1,0
CA,3624,ALL,110000.0,110000.0,1,0
CO,3624,ALL,185000.0,185000.0,1,0
IN,3624,ALL,8000.0,8000.0,1,0
MX,3624,ALL,200000.0,200000.0,1,0
SG,3624,ALL,140000.0,140000.0,1,0
US,3624,ALL,345000.0,345000.0,1,0
ZA,3624,ALL,520000.0,520000.0,1,0
AE,3624,ALL,36000.0,36000.0,1,1
AU,3624,ALL,108000.0,108000.0,1,1
CA,3624,ALL,110000.0,110000.0,1,1
CH,3624,ALL,10994796.8,10994796.8,10,1
CO,3624,ALL,185000.0,185000.0,1,1
GB,3624,ALL,5578000.0,5578000.0,5,1
IN,3624,ALL,8000.0,8000.0,1,1
MX,3624,ALL,200000.0,200000.0,1,1
SG,3624,ALL,212000.0,212000.0,2,1
US,3624,ALL,2462700.0,2462700.0,3,1
ZA,3624,ALL,520000.0,520000.0,1,1
AE,HIC,ALL,55056.0,55056.0,1,0
GB,HIC,ALL,7099946.0,7099946.0,15,0
GI,HIC,ALL,1314558.0,1314558.0,3,0
IM,HIC,ALL,4434700.0,4434700.0,1,0
JE,HIC,ALL,2156533.2,2156533.2,6,0
PK,HIC,ALL,17013.2,17013.2,1,0
SG,HIC,ALL,255000.0,255000.0,1,0
US,HIC,ALL,101000.0,101000.0,1,0
AU,HIC,ALL,151000.0,151000.0,3,1
CA,HIC,ALL,212000.0,212000.0,1,1
CH,HIC,ALL,218400.0,218400.0,1,1
GB,HIC,ALL,121287644939.62,121287644939.62,173171,1
GG,HIC,ALL,88198734.98,88198734.98,67,1
GI,HIC,ALL,2806992.0,2806992.0,4,1
HK,HIC,ALL,96000.0,96000.0,2,1
IM,HIC,ALL,198726910.07,198726910.07,184,1
IN,HIC,ALL,94000.0,94000.0,1,1
JE,HIC,ALL,123050348.81,123050348.81,179,1
JP,HIC,ALL,276000.0,276000.0,2,1
MK,HIC,ALL,109000.0,109000.0,1,1
SG,HIC,ALL,952584.0,952584.0,5,1
TH,HIC,ALL,20000.0,20000.0,1,1
TW,HIC,ALL,275000.0,275000.0,1,1
US,HIC,ALL,22746034.0,22746034.0,32,1
ZA,HIC,ALL,2075560.0,2075560.0,3,1
AE,HIG,ALL,719040.530242633,719040.530242633,1,0
BE,HIG,ALL,5588088.678349555,5588088.678349555,2,0
BR,HIG,ALL,28548158.064952828,27781750.628017858,3,0
CH,HIG,ALL,143985858.3950721,75833109.03129183,5,0
CO,HIG,ALL,1016712.044405,1016712.044405,1,0
ES,HIG,ALL,24551141.81245203,24551141.81245203,2,0
FR,HIG,ALL,55746827.5515675,31311597.99824498,4,0
GB,HIG,ALL,148840795.21104398,75714983.24008328,5,0
GR,HIG,ALL,18549221.216549587,18549221.216549587,1,0
IL,HIG,ALL,973635.3115269479,973635.3115269479,1,0
IT,HIG,ALL,20857103.546003282,11670743.943722846,3,0
LB,HIG,ALL,1127054.332947247,1127054.332947247,2,0
MC,HIG,ALL,56759921.1781164,28379960.5890582,1,0
MX,HIG,ALL,16448885.4299854,16448885.4299854,3,0
PA,HIG,ALL,22262.6694144015,22262.6694144015,1,0
US,HIG,ALL,175292598.76770815,87273963.56916803,20,0
AE,HIG,ALL,787078520.0849725,787078520.0849725,279,1
AR,HIG,ALL,220017634.1988447,140477801.93395653,43,1
AT,HIG,ALL,10975035.949585611,10975035.949585611,5,1
BE,HIG,ALL,178447830.561038,166364677.92734915,46,1
BH,HIG,ALL,36117049.7450323,18058524.87251615,1,1
BL,HIG,ALL,63704.327682426,63704.327682426,1,1
BM,HIG,ALL,1854336.637133529,1854336.637133529,3,1
BN,HIG,ALL,510902.811414131,510902.811414131,1,1
BR,HIG,ALL,104350136.50385842,90186641.26476035,34,1
BS,HIG,ALL,307121.14469983,307121.14469983,4,1
CA,HIG,ALL,7558346.160328823,7558346.160328823,4,1
CH,HIG,ALL,647581192.3902441,477046168.952406,128,1
CL,HIG,ALL,33744152.288692705,19865822.28974565,7,1
CN,HIG,ALL,2901471.1412626533,2901471.1412626533,10,1
CO,HIG,ALL,26631650.897275828,26631650.897275828,20,1
CR,HIG,ALL,4187036.507769372,4187036.507769372,3,1
CY,HIG,ALL,13452560.008875025,13452560.008875025,3,1
CZ,HIG,ALL,2316867.8928684248,2316867.8928684248,2,1
DE,HIG,ALL,78023232.81688955,63972400.975255355,25,1
DK,HIG,ALL,915059.834910273,915059.834910273,2,1
DO,HIG,ALL,31309524.303163443,31309524.303163443,4,1
EC,HIG,ALL,2710341.912483642,2710341.912483642,5,1
ES,HIG,ALL,140190949.74196365,132146400.35606736,53,1
FI,HIG,ALL,311280.25391477,311280.25391477,2,1
FR,HIG,ALL,1194735297.7703278,899813220.6981075,242,1
GB,HIG,ALL,1251298742.3322592,989829977.2341566,267,1
GI,HIG,ALL,64893037.6509875,32446518.82549375,1,1
GR,HIG,ALL,137250550.60094085,118380197.04944338,29,1
GT,HIG,ALL,31380321.60531898,31380321.60531898,4,1
HK,HIG,ALL,39769245.25978132,30005127.267633423,13,1
HU,HIG,ALL,3708462.342769897,3708462.342769897,2,1
IE,HIG,ALL,9256595.006565984,9256595.006565984,3,1
IL,HIG,ALL,23608335.443846915,23608335.443846915,23,1
IN,HIG,ALL,113009.371380435,113009.371380435,1,1
IS,HIG,ALL,220671.189398156,220671.189398156,1,1
IT,HIG,ALL,324243751.586941,233175880.16769502,84,1
JE,HIG,ALL,8328826.546729041,8328826.546729041,2,1
JO,HIG,ALL,25251.3149265181,25251.3149265181,1,1
JP,HIG,ALL,183525417.04899305,107035050.91833518,42,1
KE,HIG,ALL,200905.549120775,200905.549120775,1,1
KR,HIG,ALL,13972198.739451554,13972198.739451554,22,1
LB,HIG,ALL,25744511.73505924,25744511.73505924,8,1
LK,HIG,ALL,83045.0217361874,83045.0217361874,1,1
LU,HIG,ALL,5471783.922817735,5471783.922817735,2,1
MA,HIG,ALL,77594712.22969653,77380982.92213324,9,1
MC,HIG,ALL,79939924.40612827,51559963.81707007,12,1
MU,HIG,ALL,2066021.52559455,2066021.52559455,1,1
MX,HIG,ALL,263034815.8316159,239889344.47848186,90,1
MY,HIG,ALL,353495.088674619,353495.088674619,1,1
NL,HIG,ALL,22920435.965222117,17046919.491134807,13,1
NO,HIG,ALL,761095.8091728213,761095.8091728213,2,1
NZ,HIG,ALL,5695863.355345301,5695863.355345301,5,1
OM,HIG,ALL,3570559.5758811007,3570559.5758811007,2,1
PA,HIG,ALL,8624915.800478343,8624915.800478343,10,1
PE,HIG,ALL,21195725.717895888,21195725.717895888,11,1
PH,HIG,ALL,126666.01483175099,126666.01483175099,2,1
PL,HIG,ALL,962933.948164082,962933.948164082,1,1
PR,HIG,ALL,1849998.0745799434,1849998.0745799434,3,1
PT,HIG,ALL,70042765.7276809,45383301.70144706,12,1
QA,HIG,ALL,4789663.122565026,4789663.122565026,3,1
RS,HIG,ALL,143647.467621354,143647.467621354,1,1
SA,HIG,ALL,24501192.553292,24501192.553292,9,1
SE,HIG,ALL,119269832.53138606,41431963.18542705,9,1
SG,HIG,ALL,32484666.484152846,32484666.484152846,8,1
SK,HIG,ALL,2137293.07600897,2137293.07600897,1,1
SV,HIG,ALL,1380511.13885588,1380511.13885588,1,1
TH,HIG,ALL,12562160.686231695,12279786.9324147,6,1
TR,HIG,ALL,362127.664375217,362127.664375217,2,1
TW,HIG,ALL,9125966.190827187,9125966.190827187,16,1
US,HIG,ALL,906507554.6105088,666539312.3997543,227,1
UY,HIG,ALL,18373346.46597421,18373346.46597421,13,1
VE,HIG,ALL,6914832.503497354,6914832.503497354,6,1
VG,HIG,ALL,200403.285247973,200403.285247973,1,1
VN,HIG,ALL,37605.8604972999,37605.8604972999,1,1
ZA,HIG,ALL,600583.3421080337,600583.3421080337,3,1
AT,HSA,ALL,965000.0,965000.0,1,0
BE,HSA,ALL,647970.0,647970.0,4,0
CY,HSA,ALL,570972.0,570972.0,1,0
DE,HSA,ALL,11303190.0,11303190.0,2,0
DK,HSA,ALL,78660.0,78660.0,1,0
ES,HSA,ALL,92939537.0,92939537.0,11,0
FR,HSA,ALL,61582623.2001904,61582623.2001904,97,0
GR,HSA,ALL,19052763.8,19052763.8,9,0
HR,HSA,ALL,102856.0,102856.0,1,0
IE,HSA,ALL,65258663.1,65258663.1,52,0
IT,HSA,ALL,29905790.0,29905790.0,6,0
LI,HSA,ALL,2761322.0,2761322.0,2,0
MC,HSA,ALL,1023468.8,1023468.8,1,0
PL,HSA,ALL,10000.0,10000.0,1,0
PT,HSA,ALL,62080493.0,62080493.0,4,0
RO,HSA,ALL,85713.0,85713.0,1,0
SE,HSA,ALL,891706.8,891706.8,6,0
SL,HSA,ALL,30400.0,30400.0,1,0
AD,HSA,ALL,9412556.0,9412556.0,5,1
AE,HSA,ALL,9164806.4,7538297.2,9,1
AT,HSA,ALL,1593469941.5763476,1569310027.5763476,2497,1
AU,HSA,ALL,1463282.4,1463282.4,12,1
BE,HSA,ALL,9409929762.8,8909949616.0,6013,1
BG,HSA,ALL,5408820.0,5408820.0,6,1
BH,HSA,ALL,185600.0,185600.0,1,1
BR,HSA,ALL,37120360.0,19120360.0,2,1
CA,HSA,ALL,560000.0,560000.0,2,1
CH,HSA,ALL,358036.8,358036.8,4,1
CL,HSA,ALL,151336.0,151336.0,1,1
CN,HSA,ALL,926.4,926.4,1,1
CO,HSA,ALL,29828.0,29828.0,1,1
CR,HSA,ALL,58786.4,58786.4,1,1
CY,HSA,ALL,3929326.0,3929326.0,5,1
CZ,HSA,ALL,33669781.6,33669781.6,42,1
DE,HSA,ALL,12604811140.750692,12542945496.660166,21741,1
DK,HSA,ALL,24492760.43889,23901642.43889,91,1
ES,HSA,ALL,9182639102.38856,8993955713.58856,6535,1
FI,HSA,ALL,10916559.2,10916559.2,64,1
FR,HSA,ALL,20646599039.407322,20218412584.742947,27517,1
GB,HSA,ALL,954681405.5471992,937681405.5471992,526,1
GR,HSA,ALL,51640059.7,51640059.7,43,1
HK,HSA,ALL,125613043.2,67166521.6,4,1
HR,HSA,ALL,214527712.568,214527712.568,629,1
HU,HSA,ALL,24783260.8,24783260.8,116,1
IE,HSA,ALL,5237425154.558512,5237425154.558512,9243,1
IL,HSA,ALL,3880302.4000000004,3880302.4000000004,3,1
IN,HSA,ALL,236400.0,236400.0,2,1
IS,HSA,ALL,1486287.2,1486287.2,1,1
IT,HSA,ALL,473456211.57402545,455808138.4629761,745,1
JP,HSA,ALL,20201080.8,20201080.8,23,1
LI,HSA,ALL,2821322.0,2821322.0,3,1
LT,HSA,ALL,48000.0,24000.0,1,1
LU,HSA,ALL,364116653.6,364116653.6,592,1
LV,HSA,ALL,4000.0,4000.0,1,1
MA,HSA,ALL,23171460.57877,23171460.57877,4,1
MC,HSA,ALL,1050712996.6136404,993449291.276886,634,1
MT,HSA,ALL,4325600.12187,4325600.12187,13,1
MX,HSA,ALL,5264746.4,5264746.4,9,1
NL,HSA,ALL,10656038934.289627,10407871296.689627,8631,1
NO,HSA,ALL,43241820.0,43241820.0,161,1
NZ,HSA,ALL,284541.6,284541.6,1,1
PE,HSA,ALL,494000.0,494000.0,1,1
PL,HSA,ALL,5573336.4,5573336.4,126,1
PT,HSA,ALL,4166310549.02553,4093631328.62553,3338,1
RO,HSA,ALL,6003751.4,6003751.4,13,1
RS,HSA,ALL,56000.0,56000.0,1,1
RU,HSA,ALL,2307360.0,2307360.0,1,1
SA,HSA,ALL,2939697.5999999996,1469848.7999999998,1,1
SE,HSA,ALL,90575537.4,90575537.4,336,1
SG,HSA,ALL,221300.0,221300.0,3,1
SI,HSA,ALL,2382800.8,2382800.8,12,1
SK,HSA,ALL,81600.0,81600.0,3,1
TN,HSA,ALL,163200.0,163200.0,1,1
TR,HSA,ALL,691280.0,691280.0,4,1
US,HSA,ALL,101774358.81595239,100967402.81595239,76,1
AT,33,is_eu,721312.7143443596,440490.4210029798,4,0
BE,33,is_eu,15747994.657685466,8286041.567590246,5,0
CZ,33,is_eu,17156131.435104,17156131.435104,1,0
DE,33,is_eu,5733618.086427593,5522417.433213796,4,0
FR,33,is_eu,269694076.2154452,128815325.5824513,21,0
GB,33,is_eu,152000.0,152000.0,1,0
NL,33,is_eu,18020966.544,18020966.544,4,0
PL,33,is_eu,229138.0,229138.0,1,0
SE,33,is_eu,264348333.14132863,216781498.11759406,5,0
AT,33,is_eu,117299776.07014093,59699152.01479954,12,1
BE,33,is_eu,280411812.0868323,203677116.44909048,57,1
CZ,33,is_eu,17725731.435104,17725731.435104,4,1
DE,33,is_eu,183792082.0820087,115503381.26928669,33,1
DK,33,is_eu,618592460.8098859,568389716.2126927,154,1
FR,33,is_eu,2275085169.2213316,1498937035.1383283,333,1
GB,33,is_eu,9371114846.996006,7182976179.930439,1683,1
NL,33,is_eu,51013102.48498177,43391627.57981621,23,1
PL,33,is_eu,11831807.323602945,11831807.323602945,6,1
SE,33,is_eu,2694309250.7946787,2430519956.7227507,462,1
GB,3624,is_eu,5578000.0,5578000.0,5,1
GB,HIC,is_eu,7099946.0,7099946.0,15,0
GB,HIC,is_eu,121287644939.62,121287644939.62,173171,1
BE,HIG,is_eu,5588088.678349555,5588088.678349555,2,0
FR,HIG,is_eu,55746827.5515675,31311597.99824498,4,0
GB,HIG,is_eu,148840795.21104398,75714983.24008328,5,0
AT,HIG,is_eu,10975035.949585611,10975035.949585611,5,1
BE,HIG,is_eu,178447830.561038,166364677.92734915,46,1
CZ,HIG,is_eu,2316867.8928684248,2316867.8928684248,2,1
DE,HIG,is_eu,78023232.81688955,63972400.975255355,25,1
DK,HIG,is_eu,915059.834910273,915059.834910273,2,1
FR,HIG,is_eu,1194735297.7703278,899813220.6981075,242,1
GB,HIG,is_eu,1251298742.3322592,989829977.2341566,267,1
NL,HIG,is_eu,22920435.965222117,17046919.491134807,13,1
PL,HIG,is_eu,962933.948164082,962933.948164082,1,1
SE,HIG,is_eu,119269832.53138606,41431963.18542705,9,1
AT,HSA,is_eu,965000.0,965000.0,1,0
BE,HSA,is_eu,647970.0,647970.0,4,0
DE,HSA,is_eu,11303190.0,11303190.0,2,0
DK,HSA,is_eu,78660.0,78660.0,1,0
FR,HSA,is_eu,61582623.2001904,61582623.2001904,97,0
PL,HSA,is_eu,10000.0,10000.0,1,0
SE,HSA,is_eu,891706.8,891706.8,6,0
AT,HSA,is_eu,1593469941.5763476,1569310027.5763476,2497,1
BE,HSA,is_eu,9409929762.8,8909949616.0,6013,1
CZ,HSA,is_eu,33669781.6,33669781.6,42,1
DE,HSA,is_eu,12604811140.750692,12542945496.660166,21741,1
DK,HSA,is_eu,24492760.43889,23901642.43889,91,1
FR,HSA,is_eu,20646599039.407322,20218412584.742947,27517,1
GB,HSA,is_eu,954681405.5471992,937681405.5471992,526,1
NL,HSA,is_eu,10656038934.289627,10407871296.689627,8631,1
PL,HSA,is_eu,5573336.4,5573336.4,126,1
SE,HSA,is_eu,90575537.4,90575537.4,336,1
JP,33,is_jp,3060082.643000042,1599407.467380675,3,0
JP,33,is_jp,83586974.90070543,47547710.997818835,10,1
JP,HIC,is_jp,276000.0,276000.0,2,1
JP,HIG,is_jp,183525417.04899305,107035050.91833518,42,1
JP,HSA,is_jp,20201080.8,20201080.8,23,1
CA,33,is_na_eq,18301343.574820016,16479715.692330807,4,0
CA,33,is_na_eq,210957528.07712308,106631319.72413285,18,1
CA,3624,is_na_eq,110000.0,110000.0,1,0
CA,3624,is_na_eq,110000.0,110000.0,1,1
CA,HIC,is_na_eq,212000.0,212000.0,1,1
CA,HIG,is_na_eq,7558346.160328823,7558346.160328823,4,1
CA,HSA,is_na_eq,560000.0,560000.0,2,1
MX,33,is_nahu,7114586.373140398,7114586.373140398,2,0
US,33,is_nahu,2365811502.9090543,1413295965.355323,326,0
MX,33,is_nahu,22688725.59334642,22688725.59334642,13,1
US,33,is_nahu,738973417.3485165,426252309.81766593,106,1
MX,3624,is_nahu,200000.0,200000.0,1,0
US,3624,is_nahu,345000.0,345000.0,1,0
MX,3624,is_nahu,200000.0,200000.0,1,1
US,3624,is_nahu,2462700.0,2462700.0,3,1
US,HIC,is_nahu,101000.0,101000.0,1,0
US,HIC,is_nahu,22746034.0,22746034.0,32,1
MX,HIG,is_nahu,16448885.4299854,16448885.4299854,3,0
US,HIG,is_nahu,175292598.76770815,87273963.56916803,20,0
BH,HIG,is_nahu,36117049.7450323,18058524.87251615,1,1
MX,HIG,is_nahu,263034815.8316159,239889344.47848186,90,1
US,HIG,is_nahu,906507554.6105088,666539312.3997543,227,1
BH,HSA,is_nahu,185600.0,185600.0,1,1
MX,HSA,is_nahu,5264746.4,5264746.4,9,1
US,HSA,is_nahu,101774358.81595239,100967402.81595239,76,1
US,33,is_us_all,2365811502.9090543,1413295965.355323,326,0
US,33,is_us_all,738973417.3485165,426252309.81766593,106,1
US,3624,is_us_all,345000.0,345000.0,1,0
US,3624,is_us_all,2462700.0,2462700.0,3,1
US,HIC,is_us_all,101000.0,101000.0,1,0
US,HIC,is_us_all,22746034.0,22746034.0,32,1
US,HIG,is_us_all,175292598.76770815,87273963.56916803,20,0
US,HIG,is_us_all,906507554.6105088,666539312.3997543,227,1
US,HSA,is_us_all,101774358.81595239,100967402.81595239,76,1
