entity,region,scope,fx_assumption,old_normalized_sum_pml,scope_matched_sum_pml,delta_sum_pml,old_normalized_sum_net,scope_matched_sum_net,delta_sum_net,old_normalized_count_policies,scope_matched_count_policies,delta_count_policies,result
33,ALL,EQ only; NA EQ Canada only; NAHU excludes US; remaining geography unchanged,1.35,40228224088.105743435,36712903961.800358245402,-3515320126.305385189598,29103949551.32281215,26957451176.422438143368,-2146498374.900374006632,5341,5121,-220,difference
3624,ALL,EQ only; NA EQ Canada only; NAHU excludes US; remaining geography unchanged,1.35,29789770.68000000135,27559570.68000000303,-2230199.99999999832,29789770.68000000135,27559570.68000000303,-2230199.99999999832,36,27,-9,difference
HIC,ALL,EQ only; NA EQ Canada only; NAHU excludes US; remaining geography unchanged,1.35,164353167868.335299865,164343829767.138399992423,-9338101.196899872577,164353167868.335299865,164343829767.138399992423,-9338101.196899872577,173687,173683,-4,difference
HIG,ALL,EQ only; NA EQ Canada only; NAHU excludes US; remaining geography unchanged,1.35,10862835100.5807262890,9923862868.99894745647,-938972231.58177883253,8422292153.3526072315,7876828614.30062531717,-545463539.05198191433,1970,1938,-32,difference
HSA,ALL,EQ only; NA EQ Canada only; NAHU excludes US; remaining geography unchanged,1.35,104707618172.4481420635,104360516166.76415750525,-347102005.68398455825,102417209335.6043809635,102070107329.920509863244,-347102005.683871100256,90052,90032,-20,difference
33,is_eu,EQ only; NA EQ Canada only; NAHU excludes US; remaining geography unchanged,1.35,21887522473.6334286135,21149327239.950143513012,-738195233.683285100488,16912875212.7887542770,16439316477.127053735008,-473558735.661700541992,2813,2783,-30,difference
3624,is_eu,EQ only; NA EQ Canada only; NAHU excludes US; remaining geography unchanged,1.35,7530300.00,7530300.000000001,1E-9,7530300.00,7530300.000000001,1E-9,5,5,0,match
HIC,is_eu,EQ only; NA EQ Canada only; NAHU excludes US; remaining geography unchanged,1.35,163747905595.5870,163746600466.8874,-1305128.6996,163747905595.5870,163746600466.8874,-1305128.6996,173186,173185,-1,difference
HIG,is_eu,EQ only; NA EQ Canada only; NAHU excludes US; remaining geography unchanged,1.35,4144555324.408875120,3862019225.65166225182,-282536098.75721286818,3113429031.52239645,2962169297.03600685282,-151259734.48638959718,623,619,-4,difference
HSA,is_eu,EQ only; NA EQ Canada only; NAHU excludes US; remaining geography unchanged,1.35,75728683066.78375569945,75636994806.823599208,-91688259.96015649145,74000749331.32464069945,73909061071.364489106,-91688259.96015159345,67632,67624,-8,difference
33,is_jp,EQ only; NA EQ Canada only; NAHU excludes US; remaining geography unchanged,1.35,116973527.684002340220,112842416.11595233,-4131111.568050010220,66348609.928019281665,64189409.84705542,-2159200.080963861665,13,10,-3,difference
HIC,is_jp,EQ only; NA EQ Canada only; NAHU excludes US; remaining geography unchanged,1.35,372600.00,372600.0,0.00,372600.00,372600.0,0.00,2,2,0,match
HIG,is_jp,EQ only; NA EQ Canada only; NAHU excludes US; remaining geography unchanged,1.35,247759313.0161405365,247759313.01614058,4.35E-8,144497318.7397522635,144497318.7397525,2.365E-7,42,42,0,match
HSA,is_jp,EQ only; NA EQ Canada only; NAHU excludes US; remaining geography unchanged,1.35,27271459.08000000135,27271459.080000002,6.5E-10,27271459.08000000135,27271459.080000002,6.5E-10,23,23,0,match
33,is_na_eq,EQ only; NA EQ Canada only; NAHU excludes US; remaining geography unchanged,1.35,309499476.73012303785,284792662.9041162,-24706813.82600683785,166199897.812224780,143952281.62757936,-22247616.184645420,22,18,-4,difference
3624,is_na_eq,EQ only; NA EQ Canada only; NAHU excludes US; remaining geography unchanged,1.35,297000.00,148500.0,-148500.00,297000.00,148500.0,-148500.00,2,1,-1,difference
HIC,is_na_eq,EQ only; NA EQ Canada only; NAHU excludes US; remaining geography unchanged,1.35,286200.00,286200.0,0.00,286200.00,286200.0,0.00,1,1,0,match
HIG,is_na_eq,EQ only; NA EQ Canada only; NAHU excludes US; remaining geography unchanged,1.35,10203767.316443907405,10203767.316443913,5.595E-9,10203767.316443907405,10203767.316443913,5.595E-9,4,4,0,match
HSA,is_na_eq,EQ only; NA EQ Canada only; NAHU excludes US; remaining geography unchanged,1.35,756000.00,756000.0,0.00,756000.00,756000.0,0.00,2,2,0,match
33,is_nahu,EQ only; NA EQ Canada only; NAHU excludes US; remaining geography unchanged,1.35,40234471.15475716380,30629779.551017664,-9604691.60373949980,40234471.15475716380,30629779.551017664,-9604691.60373949980,15,14,-1,difference
3624,is_nahu,EQ only; NA EQ Canada only; NAHU excludes US; remaining geography unchanged,1.35,540000.00,270000.0,-270000.00,540000.00,270000.0,-270000.00,2,1,-1,difference
HIG,is_nahu,EQ only; NA EQ Canada only; NAHU excludes US; remaining geography unchanged,1.35,426061013.858955090,403855018.5284750671,-22205995.3304800229,370435618.9543276035,348229623.6238473091,-22205995.3304802944,94,94,0,difference
HSA,is_nahu,EQ only; NA EQ Canada only; NAHU excludes US; remaining geography unchanged,1.35,7357967.640000000540,7357967.64000000103,4.90E-10,7357967.640000000540,7357967.64000000103,4.90E-10,10,10,0,match
33,is_us_all,EQ only; NA EQ Canada only; NAHU excludes US; remaining geography unchanged,1.35,4191459642.3477140865,3332468717.95187875,-858990924.3958353365,2483390171.4835297230,2009329062.36402678,-474061109.1195029430,432,360,-72,difference
3624,is_us_all,EQ only; NA EQ Canada only; NAHU excludes US; remaining geography unchanged,1.35,3790395.00,3324645.0,-465750.00,3790395.00,3324645.0,-465750.00,4,3,-1,difference
HIC,is_us_all,EQ only; NA EQ Canada only; NAHU excludes US; remaining geography unchanged,1.35,30843495.90,30707145.900000002,-136349.999999998,30843495.90,30707145.900000002,-136349.999999998,33,32,-1,difference
HIG,is_us_all,EQ only; NA EQ Canada only; NAHU excludes US; remaining geography unchanged,1.35,1460430207.0605915595,1223929495.242636378,-236500711.8179551815,1017647922.55804476885,899972368.258117646,-117675554.29992712285,247,228,-19,difference
HSA,is_us_all,EQ only; NA EQ Canada only; NAHU excludes US; remaining geography unchanged,1.35,137395384.40153520,137395384.40153575,5.5E-7,136305993.80153520,136305993.80153573,5.3E-7,76,76,0,match
