entity,region,max_coverage,workbook_present,max_definition,fx_assumption,old_normalized_sum_pml,eq_sum_pml,wind_sum_pml,eq_delta_sum_pml,max_sum_pml,max_delta_sum_pml,old_normalized_sum_net,eq_sum_net,wind_sum_net,eq_delta_sum_net,max_sum_net,max_delta_sum_net,old_normalized_count_policies,eq_count_policies,wind_count_policies,eq_delta_count_policies,eq_gross_delta_pct,eq_net_delta_pct
(unmapped),is_eu,unavailable_incomplete_peril_coverage,False,"Sum geocode-group maxima after aggregating countries, separately for gross/net; never sum perils",1.35,,,26352909873.2465583,,,,,,26352909873.2465583,,,,,,82116,,,
33,ALL,unavailable_incomplete_peril_coverage,True,"Sum geocode-group maxima after aggregating countries, separately for gross/net; never sum perils",1.35,40228224088.105743435,36712903961.800358245402,,-3515320126.305385189598,,,29103949551.32281215,26957451176.422438143368,,-2146498374.900374006632,,,5341,5121,,-220,-8.738442240468571739570442984,-7.375282076802572244780719952
33,is_eu,both_perils_for_all_reported_geocode_groups,True,"Sum geocode-group maxima after aggregating countries, separately for gross/net; never sum perils",1.35,21887522473.6334286135,21149327239.950143513012,21149327239.950153033012,-738195233.683285100488,21149327239.950153033012,-738195233.683275580488,16912875212.7887542770,16439316477.127053735008,16439316477.127047300008,-473558735.661700541992,16439316477.127053735008,-473558735.661700541992,2813,2783,2783,-30,-3.372676074108178050773624146,-2.799989532847831578952173780
33,is_jp,both_perils_for_all_reported_geocode_groups,True,"Sum geocode-group maxima after aggregating countries, separately for gross/net; never sum perils",1.35,116973527.684002340220,112842416.11595233,112842416.11595233,-4131111.568050010220,112842416.11595233,-4131111.568050010220,66348609.928019281665,64189409.84705542,64189409.84705542,-2159200.080963861665,64189409.84705542,-2159200.080963861665,13,10,10,-3,-3.531663659157125477344952938,-3.254326026282010905248282281
33,is_na_eq,unavailable_incomplete_peril_coverage,True,"Sum geocode-group maxima after aggregating countries, separately for gross/net; never sum perils",1.35,309499476.73012303785,313685271.521875188,,4185794.79175215015,,,166199897.812224780,170889636.64420116,,4689738.831976380,,,22,23,,1,1.352440022185263400873008555,2.821745917843415045339854455
33,is_nahu,both_perils_for_all_reported_geocode_groups,True,"Sum geocode-group maxima after aggregating countries, separately for gross/net; never sum perils",1.35,40234471.15475716380,3363098497.502896414,3363098497.502896414,3322864026.34813925020,3363098497.502896414,3322864026.34813925020,40234471.15475716380,2039958841.915044444,2039958841.915044084,1999724370.76028728020,2039958841.915044444,1999724370.76028728020,15,374,374,359,8258.749104883554626887783778,4970.176849270821908965262729
33,is_us_all,both_perils_for_all_reported_geocode_groups,True,"Sum geocode-group maxima after aggregating countries, separately for gross/net; never sum perils",1.35,4191459642.3477140865,3332468717.95187875,3332468717.95187875,-858990924.3958353365,3332468717.95187875,-858990924.3958353365,2483390171.4835297230,2009329062.36402678,2009329062.36402642,-474061109.1195029430,2009329062.36402678,-474061109.1195029430,432,360,360,-72,-20.49383741446926180246120064,-19.08927217974402775014315866
3624,ALL,unavailable_incomplete_peril_coverage,True,"Sum geocode-group maxima after aggregating countries, separately for gross/net; never sum perils",1.35,29789770.68000000135,27559570.68000000303,,-2230199.99999999832,,,29789770.68000000135,27559570.68000000303,,-2230199.99999999832,,,36,27,,-9,-7.486462463765425061448498331,-7.486462463765425061448498331
3624,is_eu,both_perils_for_all_reported_geocode_groups,True,"Sum geocode-group maxima after aggregating countries, separately for gross/net; never sum perils",1.35,7530300.00,7530300.000000001,7530300.000000001,1E-9,7530300.000000001,1E-9,7530300.00,7530300.000000001,7530300.000000001,1E-9,7530300.000000001,1E-9,5,5,5,0,1.327968341234744963680065867E-14,1.327968341234744963680065867E-14
3624,is_na_eq,unavailable_incomplete_peril_coverage,True,"Sum geocode-group maxima after aggregating countries, separately for gross/net; never sum perils",1.35,297000.00,614250.00000000006,,317250.00000000006,,,297000.00,614250.00000000006,,317250.00000000006,,,2,2,,0,106.8181818181818383838383838,106.8181818181818383838383838
3624,is_nahu,both_perils_for_all_reported_geocode_groups,True,"Sum geocode-group maxima after aggregating countries, separately for gross/net; never sum perils",1.35,540000.00,3594645.0,3594645.0,3054645.00,3594645.0,3054645.00,540000.00,3594645.0,3594645.0,3054645.00,3594645.0,3054645.00,2,4,4,2,565.675,565.675
3624,is_us_all,both_perils_for_all_reported_geocode_groups,True,"Sum geocode-group maxima after aggregating countries, separately for gross/net; never sum perils",1.35,3790395.00,3324645.0,3324645.0,-465750.00,3324645.0,-465750.00,3790395.00,3324645.0,3324645.0,-465750.00,3324645.0,-465750.00,4,3,3,-1,-12.28763756811625173629661289,-12.28763756811625173629661289
HIC,ALL,unavailable_incomplete_peril_coverage,True,"Sum geocode-group maxima after aggregating countries, separately for gross/net; never sum perils",1.35,164353167868.335299865,164343829767.138399992423,,-9338101.196899872577,,,164353167868.335299865,164343829767.138399992423,,-9338101.196899872577,,,173687,173683,,-4,-0.005681728754008990993985591919,-0.005681728754008990993985591919
HIC,is_eu,both_perils_for_all_reported_geocode_groups,True,"Sum geocode-group maxima after aggregating countries, separately for gross/net; never sum perils",1.35,163747905595.5870,163746600466.8874,165399769363.85414,-1305128.6996,165399769363.85414,1651863768.26714,163747905595.5870,163746600466.8874,165399769363.85414,-1305128.6996,165399769363.85414,1651863768.26714,173186,173185,173185,-1,-0.0007970353543472577826896764205,-0.0007970353543472577826896764205
HIC,is_jp,both_perils_for_all_reported_geocode_groups,True,"Sum geocode-group maxima after aggregating countries, separately for gross/net; never sum perils",1.35,372600.00,372600.0,372600.0,0.00,372600.0,0.00,372600.00,372600.0,372600.0,0.00,372600.0,0.00,2,2,2,0,0,0
HIC,is_na_eq,unavailable_incomplete_peril_coverage,True,"Sum geocode-group maxima after aggregating countries, separately for gross/net; never sum perils",1.35,286200.00,1064880.0,,778680.00,,,286200.00,1064880.0,,778680.00,,,1,5,,4,272.0754716981132075471698113,272.0754716981132075471698113
HIC,is_nahu,both_perils_for_all_reported_geocode_groups,False,"Sum geocode-group maxima after aggregating countries, separately for gross/net; never sum perils",1.35,,30707145.900000002,30707145.900000002,,30707145.900000002,,,30707145.900000002,30707145.900000002,,30707145.900000002,,,32,32,,,
HIC,is_us_all,both_perils_for_all_reported_geocode_groups,True,"Sum geocode-group maxima after aggregating countries, separately for gross/net; never sum perils",1.35,30843495.90,30707145.900000002,30707145.900000002,-136349.999999998,30707145.900000002,-136349.999999998,30843495.90,30707145.900000002,30707145.900000002,-136349.999999998,30707145.900000002,-136349.999999998,33,32,32,-1,-0.4420705112094572911237341290,-0.4420705112094572911237341290
HIG,ALL,unavailable_incomplete_peril_coverage,True,"Sum geocode-group maxima after aggregating countries, separately for gross/net; never sum perils",1.35,10862835100.5807262890,9923862868.99894745647,,-938972231.58177883253,,,8422292153.3526072315,7876828614.30062531717,,-545463539.05198191433,,,1970,1938,,-32,-8.643896578450145604299640853,-6.476426240270622527098202643
HIG,is_eu,both_perils_for_all_reported_geocode_groups,True,"Sum geocode-group maxima after aggregating countries, separately for gross/net; never sum perils",1.35,4144555324.408875120,3862019225.65166225182,3862019225.65166196982,-282536098.75721286818,3862019225.65166225182,-282536098.75721286818,3113429031.52239645,2962169297.03600685282,2962169297.03600752082,-151259734.48638959718,2962169297.03600752082,-151259734.48638892918,623,619,619,-4,-6.817042520659562014648647769,-4.858300380543024764443610917
HIG,is_jp,both_perils_for_all_reported_geocode_groups,True,"Sum geocode-group maxima after aggregating countries, separately for gross/net; never sum perils",1.35,247759313.0161405365,247759313.01614058,247759313.01614064,4.35E-8,247759313.01614064,1.035E-7,144497318.7397522635,144497318.7397525,144497318.73975253,2.365E-7,144497318.73975253,2.665E-7,42,42,42,0,1.755736221191659001078534450E-14,1.636708570530292681697847107E-13
HIG,is_na_eq,unavailable_incomplete_peril_coverage,True,"Sum geocode-group maxima after aggregating countries, separately for gross/net; never sum perils",1.35,10203767.316443907405,110841648.167366883,,100637880.850922975595,,,10203767.316443907405,100551466.846949913,,90347699.530506005595,,,4,27,,23,986.2816127602178897216629542,885.4347294347445433711363389
HIG,is_nahu,both_perils_for_all_reported_geocode_groups,True,"Sum geocode-group maxima after aggregating countries, separately for gross/net; never sum perils",1.35,426061013.858955090,1627784513.7711114451,1627784513.7711108941,1201723499.9121563551,1627784513.7711114451,1201723499.9121563551,370435618.9543276035,1248201991.8819649551,1248201991.8819647561,877766372.9276373516,1248201991.8819649561,877766372.9276373526,94,322,322,228,282.0543210531765805684732188,236.9551760182814544943482928
HIG,is_us_all,both_perils_for_all_reported_geocode_groups,True,"Sum geocode-group maxima after aggregating countries, separately for gross/net; never sum perils",1.35,1460430207.0605915595,1223929495.242636378,1223929495.242635877,-236500711.8179551815,1223929495.242636378,-236500711.8179551815,1017647922.55804476885,899972368.258117646,899972368.258117547,-117675554.29992712285,899972368.258117647,-117675554.29992712185,247,228,228,-19,-16.19390715657410670155014412,-11.56348396055563365178379336
HSA,ALL,unavailable_incomplete_peril_coverage,True,"Sum geocode-group maxima after aggregating countries, separately for gross/net; never sum perils",1.35,104707618172.4481420635,104360516166.76415750525,,-347102005.68398455825,,,102417209335.6043809635,102070107329.920509863244,,-347102005.683871100256,,,90052,90032,,-20,-0.3314964199761713049322500252,-0.3389098452648468598969094918
HSA,is_eu,both_perils_for_all_reported_geocode_groups,True,"Sum geocode-group maxima after aggregating countries, separately for gross/net; never sum perils",1.35,75728683066.78375569945,75636994806.823599208,75628404248.036316168,-91688259.96015649145,75636994806.823599208,-91688259.96015649145,74000749331.32464069945,73909061071.364489106,73900470512.577168466,-91688259.96015159345,73909061071.364489106,-91688259.96015159345,67632,67624,67624,-8,-0.1210746790344924836335940660,-0.1239017993583205514661628455
HSA,is_jp,both_perils_for_all_reported_geocode_groups,True,"Sum geocode-group maxima after aggregating countries, separately for gross/net; never sum perils",1.35,27271459.08000000135,27271459.080000002,27271459.080000002,6.5E-10,27271459.080000002,6.5E-10,27271459.08000000135,27271459.080000002,27271459.080000002,6.5E-10,27271459.080000002,6.5E-10,23,23,23,0,2.383444164440357357746125331E-15,2.383444164440357357746125331E-15
HSA,is_na_eq,unavailable_incomplete_peril_coverage,True,"Sum geocode-group maxima after aggregating countries, separately for gross/net; never sum perils",1.35,756000.00,7535709.720000001,,6779709.720000001,,,756000.00,7535709.720000001,,6779709.720000001,,,2,9,,7,896.7870000000001322751322751,896.7870000000001322751322751
HSA,is_nahu,both_perils_for_all_reported_geocode_groups,True,"Sum geocode-group maxima after aggregating countries, separately for gross/net; never sum perils",1.35,7357967.640000000540,144753352.04153575103,144753352.04153575103,137395384.401535750490,144753352.04153575103,137395384.401535750490,7357967.640000000540,143663961.44153573103,143663961.44153576103,136305993.801535730490,143663961.44153576103,136305993.801535760490,10,86,86,76,1867.300742865671809431550973,1852.495151793515097417935645
HSA,is_us_all,both_perils_for_all_reported_geocode_groups,True,"Sum geocode-group maxima after aggregating countries, separately for gross/net; never sum perils",1.35,137395384.40153520,137395384.40153575,137395384.40153575,5.5E-7,137395384.40153575,5.5E-7,136305993.80153520,136305993.80153573,136305993.80153576,5.3E-7,136305993.80153576,5.6E-7,76,76,76,0,4.003045680141890736409964652E-13,3.888310302565951182870879386E-13
