entity,region,geocoded,workbook_row,max_coverage,old_normalized_sum_pml,eq_sum_pml,wind_sum_pml,eq_delta_sum_pml,max_sum_pml,max_delta_sum_pml,max_winning_peril_sum_pml,old_normalized_sum_net,eq_sum_net,wind_sum_net,eq_delta_sum_net,max_sum_net,max_delta_sum_net,max_winning_peril_sum_net,old_normalized_count_policies,eq_count_policies,wind_count_policies,eq_delta_count_policies
(unmapped),is_eu,0,,missing_eq_comparator,,,23640419921.293182,,,,,,,23640419921.293182,,,,,,,39913,
(unmapped),is_eu,1,,missing_eq_comparator,,,2712489951.9533763,,,,,,,2712489951.9533763,,,,,,,42203,
33,ALL,0,2,wind_not_exported_for_this_region,6272004341.820501135,4295845357.323307356402,,-1976158984.497193778598,,,,3958136079.3249435,2757348022.905047349668,,-1200788056.419896150332,,,,663,525,,-138
33,ALL,1,3,wind_not_exported_for_this_region,33956219746.28524230,32417058604.4770508890,,-1539161141.8081914110,,,,25145813471.99786865,24200103153.5173907937,,-945710318.4804778563,,,,4678,4596,,-82
33,is_eu,0,12,both_perils_reported,798934820.5723522635,214324980.150829186012,214324980.150829186012,-584609840.421523077488,214324980.150829186012,-584609840.421523077488,tie_within_cent,533795412.2862906270,148403672.679484578008,148403672.679484578008,-385391739.606806048992,148403672.679484578008,-385391739.606806048992,tie_within_cent,46,21,21,-25
33,is_eu,1,13,both_perils_reported,21088587653.06107635,20935002259.799314327,20935002259.799323847,-153585393.261762023,20935002259.799323847,-153585393.261752503,tie_within_cent,16379079800.50246365,16290912804.447569157,16290912804.447562722,-88166996.054894493,16290912804.447569157,-88166996.054894493,tie_within_cent,2767,2762,2762,-5
33,is_jp,0,21,no_current_row,4131111.568050054270,,,,,,,2159200.080963904365,,,,,,,3,,,
33,is_jp,1,22,both_perils_reported,112842416.11595228595,112842416.11595233,112842416.11595233,4.405E-8,112842416.11595233,4.405E-8,tie_within_cent,64189409.84705537730,64189409.84705542,64189409.84705542,4.270E-8,64189409.84705542,4.270E-8,tie_within_cent,10,10,10,0
33,is_na_eq,0,26,wind_not_exported_for_this_region,24706813.82600700135,,,,,,,22247616.184646580,,,,,,,4,,,
33,is_na_eq,1,27,wind_not_exported_for_this_region,284792662.9041160365,313685271.521875188,,28892608.6177591515,,,,143952281.62757820,170889636.64420116,,26937355.01662296,,,,18,23,,5
33,is_nahu,0,33,both_perils_reported,9604691.6037395265,2945311950.252026249,2945311950.252026249,2935707258.6482867225,2945311950.252026249,2935707258.6482867225,tie_within_cent,9604691.6037395265,1777177571.960697049,1777177571.960696749,1767572880.3569575225,1777177571.960697049,1767572880.3569575225,tie_within_cent,2,306,306,304
33,is_nahu,1,34,both_perils_reported,30629779.55101763730,417786547.250870165,417786547.250870165,387156767.69985252770,417786547.250870165,387156767.69985252770,tie_within_cent,30629779.55101763730,262781269.954347395,262781269.954347335,232151490.40332975770,262781269.954347395,232151490.40332975770,tie_within_cent,13,68,68,55
33,is_us_all,0,40,both_perils_reported,3193845528.9272175,2939741491.9117985,2939741491.9117985,-254104037.0154190,2939741491.9117985,-254104037.0154190,tie_within_cent,1907949553.2296820,1771607113.6204693,1771607113.620469,-136342439.6092127,1771607113.6204693,-136342439.6092127,tie_within_cent,326,305,305,-21
33,is_us_all,1,41,both_perils_reported,997614113.4204965865,392727226.04008025,392727226.04008025,-604886887.3804163365,392727226.04008025,-604886887.3804163365,tie_within_cent,575440618.2538477230,237721948.74355748,237721948.74355742,-337718669.5102902430,237721948.74355748,-337718669.5102902430,tie_within_cent,106,55,55,-51
3624,ALL,0,4,wind_not_exported_for_this_region,2230200.00,298350.00000000003,,-1931849.99999999997,,,,2230200.00,298350.00000000003,,-1931849.99999999997,,,,9,2,,-7
3624,ALL,1,5,wind_not_exported_for_this_region,27559570.68000000135,27261220.680000003,,-298349.99999999835,,,,27559570.68000000135,27261220.680000003,,-298349.99999999835,,,,27,25,,-2
3624,is_eu,1,14,both_perils_reported,7530300.00,7530300.000000001,7530300.000000001,1E-9,7530300.000000001,1E-9,tie_within_cent,7530300.00,7530300.000000001,7530300.000000001,1E-9,7530300.000000001,1E-9,tie_within_cent,5,5,5,0
3624,is_na_eq,0,28,wind_not_exported_for_this_region,148500.00,,,,,,,148500.00,,,,,,,1,,,
3624,is_na_eq,1,29,wind_not_exported_for_this_region,148500.00,614250.00000000006,,465750.00000000006,,,,148500.00,614250.00000000006,,465750.00000000006,,,,1,2,,1
3624,is_nahu,0,35,no_current_row,270000.00,,,,,,,270000.00,,,,,,,1,,,
3624,is_nahu,1,36,both_perils_reported,270000.00,3594645.0,3594645.0,3324645.00,3594645.0,3324645.00,tie_within_cent,270000.00,3594645.0,3594645.0,3324645.00,3594645.0,3324645.00,tie_within_cent,1,4,4,3
3624,is_us_all,0,42,no_current_row,465750.00,,,,,,,465750.00,,,,,,,1,,,
3624,is_us_all,1,43,both_perils_reported,3324645.00,3324645.0,3324645.0,0.00,3324645.0,0.00,tie_within_cent,3324645.00,3324645.0,3324645.0,0.00,3324645.0,0.00,tie_within_cent,3,3,3,0
HIC,ALL,0,6,wind_not_exported_for_this_region,20835638.639999865,13283935.740000000303,,-7551702.899999864697,,,,20835638.639999865,13283935.740000000303,,-7551702.899999864697,,,,29,26,,-3
HIC,ALL,1,7,wind_not_exported_for_this_region,164332332229.69530,164330545831.39839999212,,-1786398.29690000788,,,,164332332229.69530,164330545831.39839999212,,-1786398.29690000788,,,,173658,173657,,-1
HIC,is_eu,0,15,both_perils_reported,9584927.10,8375254.2,8375254.2,-1209672.90,8375254.2,-1209672.90,tie_within_cent,9584927.10,8375254.2,8375254.2,-1209672.90,8375254.2,-1209672.90,tie_within_cent,15,14,14,-1
HIC,is_eu,1,16,both_perils_reported,163738320668.4870,163738225212.6874,165391394109.65414,-95455.7996,165391394109.65414,1653073441.16714,2,163738320668.4870,163738225212.6874,165391394109.65414,-95455.7996,165391394109.65414,1653073441.16714,2,173171,173171,173171,0
HIC,is_jp,1,23,both_perils_reported,372600.00,372600.0,372600.0,0.00,372600.0,0.00,tie_within_cent,372600.00,372600.0,372600.0,0.00,372600.0,0.00,tie_within_cent,2,2,2,0
HIC,is_na_eq,1,30,wind_not_exported_for_this_region,286200.00,1064880.0,,778680.00,,,,286200.00,1064880.0,,778680.00,,,,1,5,,4
HIC,is_nahu,0,,both_perils_reported,,136350.0,136350.0,,136350.0,,tie_within_cent,,136350.0,136350.0,,136350.0,,tie_within_cent,,1,1,
HIC,is_nahu,1,,both_perils_reported,,30570795.900000002,30570795.900000002,,30570795.900000002,,tie_within_cent,,30570795.900000002,30570795.900000002,,30570795.900000002,,tie_within_cent,,31,31,
HIC,is_us_all,0,44,both_perils_reported,136350.00,136350.0,136350.0,0.00,136350.0,0.00,tie_within_cent,136350.00,136350.0,136350.0,0.00,136350.0,0.00,tie_within_cent,1,1,1,0
HIC,is_us_all,1,45,both_perils_reported,30707145.90,30570795.900000002,30570795.900000002,-136349.999999998,30570795.900000002,-136349.999999998,tie_within_cent,30707145.90,30570795.900000002,30570795.900000002,-136349.999999998,30570795.900000002,-136349.999999998,tie_within_cent,32,31,31,-1
HIG,ALL,0,8,wind_not_exported_for_this_region,943686861.3994535190,159149321.12381021732,,-784537540.27564330168,,,,549398903.8843696365,92249122.49038595402,,-457149781.39398368248,,,,55,29,,-26
HIG,ALL,1,9,wind_not_exported_for_this_region,9919148239.181272770,9764713547.87513723915,,-154434691.30613553085,,,,7872893249.468237595,7784579491.81023936315,,-88313757.65799823185,,,,1915,1909,,-6
HIG,is_eu,0,17,both_perils_reported,283737210.44529735,51540476.02489968272,51540476.02489967872,-232196734.42039766728,51540476.02489968272,-232196734.42039766728,tie_within_cent,152029804.38751395,26049513.69102690972,26049513.69102690972,-125980290.69648704028,26049513.69102690972,-125980290.69648704028,tie_within_cent,11,7,7,-4
HIG,is_eu,1,18,both_perils_reported,3860818113.963577770,3810478749.6267625691,3810478749.6267622911,-50339364.3368152009,3810478749.6267625691,-50339364.3368152009,tie_within_cent,2961399227.1348825,2936119783.3449799431,2936119783.3449806111,-25279443.7899025569,2936119783.3449806111,-25279443.7899018889,tie_within_cent,612,612,612,0
HIG,is_jp,1,24,both_perils_reported,247759313.0161405365,247759313.01614058,247759313.01614064,4.35E-8,247759313.01614064,1.035E-7,tie_within_cent,144497318.7397522635,144497318.7397525,144497318.73975253,2.365E-7,144497318.73975253,2.665E-7,tie_within_cent,42,42,42,0
HIG,is_na_eq,1,31,wind_not_exported_for_this_region,10203767.316443907405,110841648.167366883,,100637880.850922975595,,,,10203767.316443907405,100551466.846949913,,90347699.530506005595,,,,4,27,,23
HIG,is_nahu,0,37,both_perils_reported,22205995.330480290,8620170.9061654801,8620170.9061654791,-13585824.4243148099,8620170.9061654801,-13585824.4243148099,tie_within_cent,22205995.330480290,8008553.8736005481,8008553.8736005491,-14197441.4568797419,8008553.8736005491,-14197441.4568797409,tie_within_cent,3,10,10,7
HIG,is_nahu,1,38,both_perils_reported,403855018.52847480,1619164342.864945965,1619164342.864945415,1215309324.336471165,1619164342.864945965,1215309324.336471165,tie_within_cent,348229623.6238473135,1240193438.008364407,1240193438.008364207,891963814.3845170935,1240193438.008364407,891963814.3845170935,tie_within_cent,91,312,312,221
HIG,is_us_all,0,46,both_perils_reported,236645008.33640580,8090936.363678378,8090936.363678377,-228554071.972727422,8090936.363678378,-228554071.972727422,tie_within_cent,117819850.81837680135,7479319.331113446,7479319.331113447,-110340531.48726335535,7479319.331113447,-110340531.48726335435,tie_within_cent,20,7,7,-13
HIG,is_us_all,1,47,both_perils_reported,1223785198.7241857595,1215838558.878958,1215838558.8789575,-7946639.8452277595,1215838558.878958,-7946639.8452277595,tie_within_cent,899828071.7396679675,892493048.9270042,892493048.9270041,-7335022.8126637675,892493048.9270042,-7335022.8126637675,tie_within_cent,227,221,221,-6
HSA,ALL,0,10,wind_not_exported_for_this_region,471543023.7452565135,154794263.655014294,,-316748760.0902422195,,,,471543023.7452565135,154794263.655014294,,-316748760.0902422195,,,,201,187,,-14
HSA,ALL,1,11,wind_not_exported_for_this_region,104236075148.70288555,104205721903.10914321125,,-30353245.59374233875,,,,101945666311.85912445,101915313066.265495569244,,-30353245.593628880756,,,,89851,89845,,-6
HSA,is_eu,0,19,both_perils_reported,101896852.50025704945,10680736.710014281,10680736.710014281,-91216115.79024276845,10680736.710014281,-91216115.79024276845,tie_within_cent,101896852.50025704945,10680736.710014281,10680736.710014281,-91216115.79024276845,10680736.710014281,-91216115.79024276845,tie_within_cent,112,104,104,-8
HSA,is_eu,1,20,both_perils_reported,75626786214.28349865,75626314070.113584927,75617723511.326301887,-472144.169913723,75626314070.113584927,-472144.169913723,1,73898852478.82438365,73898380334.654474825,73889789775.867154185,-472144.169908825,73898380334.654474825,-472144.169908825,1,67520,67520,67520,0
HSA,is_jp,1,25,both_perils_reported,27271459.08000000135,27271459.080000002,27271459.080000002,6.5E-10,27271459.080000002,6.5E-10,tie_within_cent,27271459.08000000135,27271459.080000002,27271459.080000002,6.5E-10,27271459.080000002,6.5E-10,tie_within_cent,23,23,23,0
HSA,is_na_eq,1,32,wind_not_exported_for_this_region,756000.00,7535709.720000001,,6779709.720000001,,,,756000.00,7535709.720000001,,6779709.720000001,,,,2,9,,7
HSA,is_nahu,1,39,both_perils_reported,7357967.640000000540,144753352.04153575103,144753352.04153575103,137395384.401535750490,144753352.04153575103,137395384.401535750490,tie_within_cent,7357967.640000000540,143663961.44153573103,143663961.44153576103,136305993.801535730490,143663961.44153576103,136305993.801535760490,tie_within_cent,10,86,86,76
HSA,is_us_all,1,48,both_perils_reported,137395384.40153520,137395384.40153575,137395384.40153575,5.5E-7,137395384.40153575,5.5E-7,tie_within_cent,136305993.80153520,136305993.80153573,136305993.80153576,5.3E-7,136305993.80153576,5.6E-7,tie_within_cent,76,76,76,0
