entity,region,geocoded,workbook_row,legacy_adjustment,workbook_sum_pml,legacy_reconstructed_sum_pml,delta_sum_pml,workbook_sum_net,legacy_reconstructed_sum_net,delta_sum_net,workbook_count_policies,legacy_reconstructed_count_policies,delta_count_policies
33,ALL,0,2,Exclude US from is_nahu only; aggregate countries; no FX,4645929142.0892601,4645929142.08926265482,0.00000255482,2931952651.35181,2931952651.35181812402,0.00000812402,663,663,0
33,ALL,1,3,Exclude US from is_nahu only; aggregate countries; no FX,25152755367.618698,25152755367.6186770585,-0.0000209415,18626528497.776199,18626528497.77629887641,0.00009987641,4678,4678,0
3624,ALL,0,4,Exclude US from is_nahu only; aggregate countries; no FX,1652000,1652000.0,0.0,1652000,1652000.0,0.0,9,9,0
3624,ALL,1,5,Exclude US from is_nahu only; aggregate countries; no FX,20414496.800000001,20414496.8,-1E-9,20414496.800000001,20414496.8,-1E-9,27,27,0
HIC,ALL,0,6,Exclude US from is_nahu only; aggregate countries; no FX,15433806.3999999,15433806.4,1E-7,15433806.3999999,15433806.4,1E-7,29,29,0
HIC,ALL,1,7,Exclude US from is_nahu only; aggregate countries; no FX,121727653503.478,121727653503.48,0.002,121727653503.478,121727653503.48,0.002,173658,173658,0
HIG,ALL,0,8,Exclude US from is_nahu only; aggregate countries; no FX,699027304.74033594,699027304.7403370414,0.0000011014,406962151.02545899,406962151.0254598254,8.354E-7,55,55,0
HIG,ALL,1,9,Exclude US from is_nahu only; aggregate countries; no FX,7347517214.2083502,7347517214.20836786559,0.00001766559,5831772777.3838797,5831772777.38388793359,0.00000823359,1915,1915,0
HSA,ALL,0,10,Exclude US from is_nahu only; aggregate countries; no FX,349291128.70019001,349291128.7001904,3.9E-7,349291128.70019001,349291128.7001904,3.9E-7,201,201,0
HSA,ALL,1,11,Exclude US from is_nahu only; aggregate countries; no FX,77211907517.557693,77211907517.5549380400,-0.0027549600,75515308379.154907,75515308379.1522332902,-0.0026737098,89851,89851,0
33,is_eu,0,12,Exclude US from is_nahu only; aggregate countries; no FX,591803570.79433501,591803570.7943352486,2.386E-7,395404009.10095602,395404009.1009563818,3.618E-7,46,46,0
33,is_eu,1,13,Exclude US from is_nahu only; aggregate countries; no FX,15621176039.304501,15621176039.304572845,0.000071845,12132651704.075899,12132651704.075910565,0.000011565,2767,2767,0
3624,is_eu,1,14,Exclude US from is_nahu only; aggregate countries; no FX,5578000,5578000.0,0.0,5578000,5578000.0,0.0,5,5,0
HIC,is_eu,0,15,Exclude US from is_nahu only; aggregate countries; no FX,7099946,7099946.0,0.0,7099946,7099946.0,0.0,15,15,0
HIC,is_eu,1,16,Exclude US from is_nahu only; aggregate countries; no FX,121287644939.62,121287644939.62,0.00,121287644939.62,121287644939.62,0.00,173171,173171,0
HIG,is_eu,0,17,Exclude US from is_nahu only; aggregate countries; no FX,210175711.440961,210175711.440961035,3.5E-8,112614669.916677,112614669.916677815,8.15E-7,11,11,0
HIG,is_eu,1,18,Exclude US from is_nahu only; aggregate countries; no FX,2859865269.6026502,2859865269.6026511178,9.178E-7,2193629057.13695,2193629057.1369588528,0.0000088528,612,612,0
HSA,is_eu,0,19,Exclude US from is_nahu only; aggregate countries; no FX,75479150.000190407,75479150.0001904,-7E-9,75479150.000190407,75479150.0001904,-7E-9,112,112,0
HSA,is_eu,1,20,Exclude US from is_nahu only; aggregate countries; no FX,56019841640.209999,56019841640.2100778,0.0000788,54739890725.055099,54739890725.0551768,0.0000778,67520,67520,0
33,is_jp,0,21,Exclude US from is_nahu only; aggregate countries; no FX,3060082.6430000402,3060082.643000042,1.8E-9,1599407.4673806699,1599407.467380675,5.1E-9,3,3,0
33,is_jp,1,22,Exclude US from is_nahu only; aggregate countries; no FX,83586974.900705397,83586974.90070543,3.3E-8,47547710.997818798,47547710.997818835,3.7E-8,10,10,0
HIC,is_jp,1,23,Exclude US from is_nahu only; aggregate countries; no FX,276000,276000.0,0.0,276000,276000.0,0.0,2,2,0
HIG,is_jp,1,24,Exclude US from is_nahu only; aggregate countries; no FX,183525417.04899299,183525417.04899305,6E-8,107035050.91833501,107035050.91833518,1.7E-7,42,42,0
HSA,is_jp,1,25,Exclude US from is_nahu only; aggregate countries; no FX,20201080.800000001,20201080.8,-1E-9,20201080.800000001,20201080.8,-1E-9,23,23,0
33,is_na_eq,0,26,Exclude US from is_nahu only; aggregate countries; no FX,18301343.574820001,18301343.574820016,1.5E-8,16479715.6923308,16479715.692330807,7E-9,4,4,0
33,is_na_eq,1,27,Exclude US from is_nahu only; aggregate countries; no FX,210957528.07712299,210957528.07712308,9E-8,106631319.724132,106631319.72413285,8.5E-7,18,18,0
3624,is_na_eq,0,28,Exclude US from is_nahu only; aggregate countries; no FX,110000,110000.0,0.0,110000,110000.0,0.0,1,1,0
3624,is_na_eq,1,29,Exclude US from is_nahu only; aggregate countries; no FX,110000,110000.0,0.0,110000,110000.0,0.0,1,1,0
HIC,is_na_eq,1,30,Exclude US from is_nahu only; aggregate countries; no FX,212000,212000.0,0.0,212000,212000.0,0.0,1,1,0
HIG,is_na_eq,1,31,Exclude US from is_nahu only; aggregate countries; no FX,7558346.1603288203,7558346.160328823,2.7E-9,7558346.1603288203,7558346.160328823,2.7E-9,4,4,0
HSA,is_na_eq,1,32,Exclude US from is_nahu only; aggregate countries; no FX,560000,560000.0,0.0,560000,560000.0,0.0,2,2,0
33,is_nahu,0,33,Exclude US from is_nahu only; aggregate countries; no FX,7114586.37314039,7114586.373140398,8E-9,7114586.37314039,7114586.373140398,8E-9,2,2,0
33,is_nahu,1,34,Exclude US from is_nahu only; aggregate countries; no FX,22688725.593346398,22688725.59334642,2.2E-8,22688725.593346398,22688725.59334642,2.2E-8,13,13,0
3624,is_nahu,0,35,Exclude US from is_nahu only; aggregate countries; no FX,200000,200000.0,0.0,200000,200000.0,0.0,1,1,0
3624,is_nahu,1,36,Exclude US from is_nahu only; aggregate countries; no FX,200000,200000.0,0.0,200000,200000.0,0.0,1,1,0
HIG,is_nahu,0,37,Exclude US from is_nahu only; aggregate countries; no FX,16448885.4299854,16448885.4299854,0E-7,16448885.4299854,16448885.4299854,0E-7,3,3,0
HIG,is_nahu,1,38,Exclude US from is_nahu only; aggregate countries; no FX,299151865.576648,299151865.5766482,2E-7,257947869.35099801,257947869.35099801,0E-8,91,91,0
HSA,is_nahu,1,39,Exclude US from is_nahu only; aggregate countries; no FX,5450346.4000000004,5450346.4,-4E-10,5450346.4000000004,5450346.4,-4E-10,10,10,0
33,is_us_all,0,40,Exclude US from is_nahu only; aggregate countries; no FX,2365811502.90905,2365811502.9090543,0.0000043,1413295965.35532,1413295965.355323,0.000003,326,326,0
33,is_us_all,1,41,Exclude US from is_nahu only; aggregate countries; no FX,738973417.34851599,738973417.3485165,5.1E-7,426252309.81766498,426252309.81766593,9.5E-7,106,106,0
3624,is_us_all,0,42,Exclude US from is_nahu only; aggregate countries; no FX,345000,345000.0,0.0,345000,345000.0,0.0,1,1,0
3624,is_us_all,1,43,Exclude US from is_nahu only; aggregate countries; no FX,2462700,2462700.0,0.0,2462700,2462700.0,0.0,3,3,0
HIC,is_us_all,0,44,Exclude US from is_nahu only; aggregate countries; no FX,101000,101000.0,0.0,101000,101000.0,0.0,1,1,0
HIC,is_us_all,1,45,Exclude US from is_nahu only; aggregate countries; no FX,22746034,22746034.0,0.0,22746034,22746034.0,0.0,32,32,0
HIG,is_us_all,0,46,Exclude US from is_nahu only; aggregate countries; no FX,175292598.767708,175292598.76770815,1.5E-7,87273963.569168001,87273963.56916803,2.9E-8,20,20,0
HIG,is_us_all,1,47,Exclude US from is_nahu only; aggregate countries; no FX,906507554.61050797,906507554.6105088,8.3E-7,666539312.39975405,666539312.3997543,2.5E-7,227,227,0
HSA,is_us_all,1,48,Exclude US from is_nahu only; aggregate countries; no FX,101774358.815952,101774358.81595239,3.9E-7,100967402.815952,100967402.81595239,3.9E-7,76,76,0
