entity,region,geocoded,csv_peril_id,presence,workbook_row,fx_assumption,workbook_sum_pml,workbook_normalized_sum_pml,csv_sum_pml,delta_sum_pml,workbook_sum_net,workbook_normalized_sum_net,csv_sum_net,delta_sum_net,workbook_count_policies,workbook_normalized_count_policies,csv_count_policies,delta_count_policies,result
(unmapped),is_eu,0,2,csv_only,,workbook source units x1.35 -> CSV USD,,,23640419921.293182,23640419921.293182,,,23640419921.293182,23640419921.293182,,,39913,39913,csv_only
(unmapped),is_eu,1,2,csv_only,,workbook source units x1.35 -> CSV USD,,,2712489951.9533763,2712489951.9533763,,,2712489951.9533763,2712489951.9533763,,,42203,42203,csv_only
33,ALL,0,1,both,2,workbook source units x1.35 -> CSV USD,4645929142.0892601,6272004341.820501135,4295845357.323307356402,-1976158984.497193778598,2931952651.35181,3958136079.3249435,2757348022.905047349668,-1200788056.419896150332,663,663,525,-138,difference
33,ALL,1,1,both,3,workbook source units x1.35 -> CSV USD,25152755367.618698,33956219746.28524230,32417058604.4770508890,-1539161141.8081914110,18626528497.776199,25145813471.99786865,24200103153.5173907937,-945710318.4804778563,4678,4678,4596,-82,difference
33,is_eu,0,2,both,12,workbook source units x1.35 -> CSV USD,591803570.79433501,798934820.5723522635,214324980.150829186012,-584609840.421523077488,395404009.10095602,533795412.2862906270,148403672.679484578008,-385391739.606806048992,46,46,21,-25,difference
33,is_eu,1,2,both,13,workbook source units x1.35 -> CSV USD,15621176039.304501,21088587653.06107635,20935002259.799323847,-153585393.261752503,12132651704.075899,16379079800.50246365,16290912804.447562722,-88166996.054900928,2767,2767,2762,-5,difference
33,is_jp,0,2,workbook_only,21,workbook source units x1.35 -> CSV USD,3060082.6430000402,4131111.568050054270,,-4131111.568050054270,1599407.4673806699,2159200.080963904365,,-2159200.080963904365,3,3,,-3,workbook_only
33,is_jp,1,2,both,22,workbook source units x1.35 -> CSV USD,83586974.900705397,112842416.11595228595,112842416.11595233,4.405E-8,47547710.997818798,64189409.84705537730,64189409.84705542,4.270E-8,10,10,10,0,match_within_0.01
33,is_jp_eq,1,1,csv_only,,workbook source units x1.35 -> CSV USD,,,112842416.11595233,112842416.11595233,,,64189409.847055435,64189409.847055435,,,10,10,csv_only
33,is_na_eq,0,1,workbook_only,26,workbook source units x1.35 -> CSV USD,18301343.574820001,24706813.82600700135,,-24706813.82600700135,16479715.6923308,22247616.184646580,,-22247616.184646580,4,4,,-4,workbook_only
33,is_na_eq,1,1,both,27,workbook source units x1.35 -> CSV USD,210957528.07712299,284792662.9041160365,313685271.521875188,28892608.6177591515,106631319.724132,143952281.62757820,170889636.64420116,26937355.01662296,18,18,23,5,difference
33,is_nahu,0,2,both,33,workbook source units x1.35 -> CSV USD,7114586.37314039,9604691.6037395265,2945311950.252026249,2935707258.6482867225,7114586.37314039,9604691.6037395265,1777177571.960696749,1767572880.3569572225,2,2,306,304,difference
33,is_nahu,1,2,both,34,workbook source units x1.35 -> CSV USD,22688725.593346398,30629779.55101763730,417786547.250870165,387156767.69985252770,22688725.593346398,30629779.55101763730,262781269.954347335,232151490.40332969770,13,13,68,55,difference
33,is_non_us,0,1,csv_only,,workbook source units x1.35 -> CSV USD,,,1356103865.411509112402,1356103865.411509112402,,,985740909.284578149668,985740909.284578149668,,,220,220,csv_only
33,is_non_us,1,1,csv_only,,workbook source units x1.35 -> CSV USD,,,32024331378.4369814480,32024331378.4369814480,,,23962381204.7738249127,23962381204.7738249127,,,4541,4541,csv_only
33,is_us_all,0,1,both,40,workbook source units x1.35 -> CSV USD,2365811502.90905,3193845528.9272175,2939741491.9117985,-254104037.0154190,1413295965.35532,1907949553.2296820,1771607113.620469,-136342439.6092130,326,326,305,-21,difference
33,is_us_all,1,1,both,41,workbook source units x1.35 -> CSV USD,738973417.34851599,997614113.4204965865,392727226.04008025,-604886887.3804163365,426252309.81766498,575440618.2538477230,237721948.7435575,-337718669.5102902230,106,106,55,-51,difference
3624,ALL,0,1,both,4,workbook source units x1.35 -> CSV USD,1652000,2230200.00,298350.00000000003,-1931849.99999999997,1652000,2230200.00,298350.00000000003,-1931849.99999999997,9,9,2,-7,difference
3624,ALL,1,1,both,5,workbook source units x1.35 -> CSV USD,20414496.800000001,27559570.68000000135,27261220.680000003,-298349.99999999835,20414496.800000001,27559570.68000000135,27261220.680000003,-298349.99999999835,27,27,25,-2,difference
3624,is_eu,1,2,both,14,workbook source units x1.35 -> CSV USD,5578000,7530300.00,7530300.000000001,1E-9,5578000,7530300.00,7530300.000000001,1E-9,5,5,5,0,match_within_0.01
3624,is_na_eq,0,1,workbook_only,28,workbook source units x1.35 -> CSV USD,110000,148500.00,,-148500.00,110000,148500.00,,-148500.00,1,1,,-1,workbook_only
3624,is_na_eq,1,1,both,29,workbook source units x1.35 -> CSV USD,110000,148500.00,614250.00000000006,465750.00000000006,110000,148500.00,614250.00000000006,465750.00000000006,1,1,2,1,difference
3624,is_nahu,0,2,workbook_only,35,workbook source units x1.35 -> CSV USD,200000,270000.00,,-270000.00,200000,270000.00,,-270000.00,1,1,,-1,workbook_only
3624,is_nahu,1,2,both,36,workbook source units x1.35 -> CSV USD,200000,270000.00,3594645.0,3324645.00,200000,270000.00,3594645.0,3324645.00,1,1,4,3,difference
3624,is_non_us,0,1,csv_only,,workbook source units x1.35 -> CSV USD,,,298350.00000000003,298350.00000000003,,,298350.00000000003,298350.00000000003,,,2,2,csv_only
3624,is_non_us,1,1,csv_only,,workbook source units x1.35 -> CSV USD,,,23936575.680000003,23936575.680000003,,,23936575.680000003,23936575.680000003,,,22,22,csv_only
3624,is_us_all,0,1,workbook_only,42,workbook source units x1.35 -> CSV USD,345000,465750.00,,-465750.00,345000,465750.00,,-465750.00,1,1,,-1,workbook_only
3624,is_us_all,1,1,both,43,workbook source units x1.35 -> CSV USD,2462700,3324645.00,3324645.0,0.00,2462700,3324645.00,3324645.0,0.00,3,3,3,0,match_within_0.01
HIC,ALL,0,1,both,6,workbook source units x1.35 -> CSV USD,15433806.3999999,20835638.639999865,13283935.740000000303,-7551702.899999864697,15433806.3999999,20835638.639999865,13283935.740000000303,-7551702.899999864697,29,29,26,-3,difference
HIC,ALL,1,1,both,7,workbook source units x1.35 -> CSV USD,121727653503.478,164332332229.69530,164330545831.39839999212,-1786398.29690000788,121727653503.478,164332332229.69530,164330545831.39839999212,-1786398.29690000788,173658,173658,173657,-1,difference
HIC,is_eu,0,2,both,15,workbook source units x1.35 -> CSV USD,7099946,9584927.10,8375254.2,-1209672.90,7099946,9584927.10,8375254.2,-1209672.90,15,15,14,-1,difference
HIC,is_eu,1,2,both,16,workbook source units x1.35 -> CSV USD,121287644939.62,163738320668.4870,165391394109.65414,1653073441.16714,121287644939.62,163738320668.4870,165391394109.65414,1653073441.16714,173171,173171,173171,0,difference
HIC,is_jp,1,2,both,23,workbook source units x1.35 -> CSV USD,276000,372600.00,372600.0,0.00,276000,372600.00,372600.0,0.00,2,2,2,0,match_within_0.01
HIC,is_jp_eq,1,1,csv_only,,workbook source units x1.35 -> CSV USD,,,372600.0,372600.0,,,372600.0,372600.0,,,2,2,csv_only
HIC,is_na_eq,1,1,both,30,workbook source units x1.35 -> CSV USD,212000,286200.00,1064880.0,778680.00,212000,286200.00,1064880.0,778680.00,1,1,5,4,difference
HIC,is_nahu,0,2,csv_only,,workbook source units x1.35 -> CSV USD,,,136350.0,136350.0,,,136350.0,136350.0,,,1,1,csv_only
HIC,is_nahu,1,2,csv_only,,workbook source units x1.35 -> CSV USD,,,30570795.900000002,30570795.900000002,,,30570795.900000002,30570795.900000002,,,31,31,csv_only
HIC,is_non_us,0,1,csv_only,,workbook source units x1.35 -> CSV USD,,,13147585.740000000303,13147585.740000000303,,,13147585.740000000303,13147585.740000000303,,,25,25,csv_only
HIC,is_non_us,1,1,csv_only,,workbook source units x1.35 -> CSV USD,,,164299975035.49752007012,164299975035.49752007012,,,164299975035.49752007012,164299975035.49752007012,,,173626,173626,csv_only
HIC,is_us_all,0,1,both,44,workbook source units x1.35 -> CSV USD,101000,136350.00,136350.0,0.00,101000,136350.00,136350.0,0.00,1,1,1,0,match_within_0.01
HIC,is_us_all,1,1,both,45,workbook source units x1.35 -> CSV USD,22746034,30707145.90,30570795.900000002,-136349.999999998,22746034,30707145.90,30570795.900000002,-136349.999999998,32,32,31,-1,difference
HIG,ALL,0,1,both,8,workbook source units x1.35 -> CSV USD,699027304.74033594,943686861.3994535190,159149321.12381021732,-784537540.27564330168,406962151.02545899,549398903.8843696365,92249122.49038595402,-457149781.39398368248,55,55,29,-26,difference
HIG,ALL,1,1,both,9,workbook source units x1.35 -> CSV USD,7347517214.2083502,9919148239.181272770,9764713547.87513723915,-154434691.30613553085,5831772777.3838797,7872893249.468237595,7784579491.81023936315,-88313757.65799823185,1915,1915,1909,-6,difference
HIG,is_eu,0,2,both,17,workbook source units x1.35 -> CSV USD,210175711.440961,283737210.44529735,51540476.02489967872,-232196734.42039767128,112614669.916677,152029804.38751395,26049513.69102690972,-125980290.69648704028,11,11,7,-4,difference
HIG,is_eu,1,2,both,18,workbook source units x1.35 -> CSV USD,2859865269.6026502,3860818113.963577770,3810478749.6267622911,-50339364.3368154789,2193629057.13695,2961399227.1348825,2936119783.3449806111,-25279443.7899018889,612,612,612,0,difference
HIG,is_jp,1,2,both,24,workbook source units x1.35 -> CSV USD,183525417.04899299,247759313.0161405365,247759313.01614064,1.035E-7,107035050.91833501,144497318.7397522635,144497318.73975253,2.665E-7,42,42,42,0,match_within_0.01
HIG,is_jp_eq,1,1,csv_only,,workbook source units x1.35 -> CSV USD,,,247759313.01614064,247759313.01614064,,,144497318.73975256,144497318.73975256,,,42,42,csv_only
HIG,is_na_eq,1,1,both,31,workbook source units x1.35 -> CSV USD,7558346.1603288203,10203767.316443907405,110841648.167366883,100637880.850922975595,7558346.1603288203,10203767.316443907405,100551466.846949913,90347699.530506005595,4,4,27,23,difference
HIG,is_nahu,0,2,both,37,workbook source units x1.35 -> CSV USD,16448885.4299854,22205995.330480290,8620170.9061654791,-13585824.4243148109,16448885.4299854,22205995.330480290,8008553.8736005491,-14197441.4568797409,3,3,10,7,difference
HIG,is_nahu,1,2,both,38,workbook source units x1.35 -> CSV USD,299151865.576648,403855018.52847480,1619164342.864945415,1215309324.336470615,257947869.35099801,348229623.6238473135,1240193438.008364207,891963814.3845168935,91,91,312,221,difference
HIG,is_non_us,0,1,csv_only,,workbook source units x1.35 -> CSV USD,,,151058384.76013183532,151058384.76013183532,,,84769803.15927250802,84769803.15927250802,,,22,22,csv_only
HIG,is_non_us,1,1,csv_only,,workbook source units x1.35 -> CSV USD,,,8548874988.99617832825,8548874988.99617832825,,,6892086442.88323479525,6892086442.88323479525,,,1688,1688,csv_only
HIG,is_us_all,0,1,both,46,workbook source units x1.35 -> CSV USD,175292598.767708,236645008.33640580,8090936.363678377,-228554071.972727423,87273963.569168001,117819850.81837680135,7479319.331113447,-110340531.48726335435,20,20,7,-13,difference
HIG,is_us_all,1,1,both,47,workbook source units x1.35 -> CSV USD,906507554.61050797,1223785198.7241857595,1215838558.8789577,-7946639.8452280595,666539312.39975405,899828071.7396679675,892493048.9270042,-7335022.8126637675,227,227,221,-6,difference
HSA,ALL,0,1,both,10,workbook source units x1.35 -> CSV USD,349291128.70019001,471543023.7452565135,154794263.655014294,-316748760.0902422195,349291128.70019001,471543023.7452565135,154794263.655014294,-316748760.0902422195,201,201,187,-14,difference
HSA,ALL,1,1,both,11,workbook source units x1.35 -> CSV USD,77211907517.557693,104236075148.70288555,104205721903.10914321125,-30353245.59374233875,75515308379.154907,101945666311.85912445,101915313066.265495569244,-30353245.593628880756,89851,89851,89845,-6,difference
HSA,is_eu,0,2,both,19,workbook source units x1.35 -> CSV USD,75479150.000190407,101896852.50025704945,10680736.710014281,-91216115.79024276845,75479150.000190407,101896852.50025704945,10680736.710014281,-91216115.79024276845,112,112,104,-8,difference
HSA,is_eu,1,2,both,20,workbook source units x1.35 -> CSV USD,56019841640.209999,75626786214.28349865,75617723511.326301887,-9062702.957196763,54739890725.055099,73898852478.82438365,73889789775.867154185,-9062702.957229465,67520,67520,67520,0,difference
HSA,is_jp,1,2,both,25,workbook source units x1.35 -> CSV USD,20201080.800000001,27271459.08000000135,27271459.080000002,6.5E-10,20201080.800000001,27271459.08000000135,27271459.080000002,6.5E-10,23,23,23,0,match_within_0.01
HSA,is_jp_eq,1,1,csv_only,,workbook source units x1.35 -> CSV USD,,,27271459.080000002,27271459.080000002,,,27271459.080000002,27271459.080000002,,,23,23,csv_only
HSA,is_na_eq,1,1,both,32,workbook source units x1.35 -> CSV USD,560000,756000.00,7535709.720000001,6779709.720000001,560000,756000.00,7535709.720000001,6779709.720000001,2,2,9,7,difference
HSA,is_nahu,1,2,both,39,workbook source units x1.35 -> CSV USD,5450346.4000000004,7357967.640000000540,144753352.04153575103,137395384.401535750490,5450346.4000000004,7357967.640000000540,143663961.44153576103,136305993.801535760490,10,10,86,76,difference
HSA,is_non_us,0,1,csv_only,,workbook source units x1.35 -> CSV USD,,,154794263.655014284,154794263.655014284,,,154794263.655014284,154794263.655014284,,,187,187,csv_only
HSA,is_non_us,1,1,csv_only,,workbook source units x1.35 -> CSV USD,,,104068326518.70710142225,104068326518.70710142225,,,101779007072.463463801244,101779007072.463463801244,,,89769,89769,csv_only
HSA,is_us_all,1,1,both,48,workbook source units x1.35 -> CSV USD,101774358.815952,137395384.40153520,137395384.40153575,5.5E-7,100967402.815952,136305993.80153520,136305993.80153576,5.6E-7,76,76,76,0,match_within_0.01
