country,entity,region,geocoded,presence,legacy_sum_pml,legacy_normalized_sum_pml,csv_sum_pml,delta_sum_pml,legacy_sum_net,legacy_normalized_sum_net,csv_sum_net,delta_sum_net,legacy_count_policies,legacy_normalized_count_policies,csv_count_policies,delta_count_policies
AD,HSA,ALL,1,both,9412556.0,12706950.600,12706950.600000001,1E-9,9412556.0,12706950.600,12706950.600000001,1E-9,5,5,5,0
AE,33,ALL,0,both,13444442.071932495,18149996.79710886825,210086.61457001444,-17939910.18253885381,10874902.2548474,14681118.044043990,210086.61457001444,-14471031.42947397556,5,5,2,-3
AE,33,ALL,1,both,88675015.9611523,119711271.547555605,119528184.93298559,-183086.614570015,53579580.425126605,72332433.57392091675,72149346.95935091,-183086.61457000675,13,13,13,0
AE,3624,ALL,0,both,36000.0,48600.000,48600.0,0.000,36000.0,48600.000,48600.0,0.000,1,1,1,0
AE,3624,ALL,1,old_only,36000.0,48600.000,0,-48600.000,36000.0,48600.000,0,-48600.000,1,1,0,-1
AE,HIC,ALL,0,both,55056.0,74325.600,74325.6,0.000,55056.0,74325.600,74325.6,0.000,1,1,1,0
AE,HIG,ALL,0,both,719040.530242633,970704.71582755455,970704.7158275546,5E-11,719040.530242633,970704.71582755455,970704.7158275546,5E-11,1,1,1,0
AE,HIG,ALL,1,both,787078520.0849725,1062556002.114712875,1062556002.114713,1.25E-7,787078520.0849725,1062556002.114712875,1062556002.114713,1.25E-7,279,279,279,0
AE,HSA,ALL,1,both,9164806.4,12372488.640,12372488.64,0.000,7538297.2,10176701.220,10176701.22,0.000,9,9,9,0
AR,33,ALL,0,both,1280103.491328087,1728139.71329291745,1728139.7132929175,5E-11,1280103.491328087,1728139.71329291745,1728139.7132929175,5E-11,2,2,2,0
AR,33,ALL,1,both,43058200.41667289,58128570.5625084015,58128570.56250842,1.85E-8,43058200.41667289,58128570.5625084015,58128570.56250842,1.85E-8,18,18,18,0
AR,HIG,ALL,1,both,220017634.1988447,297023806.168440345,297023806.16844034,-5E-9,140477801.93395653,189645032.6108413155,189645032.61084136,4.45E-8,43,43,43,0
AT,33,ALL,0,both,721312.7143443596,973772.164364885460,830464.4826,-143307.681764885460,440490.4210029798,594662.068354022730,503830.16330058,-90831.905053442730,4,4,2,-2
AT,33,ALL,1,both,117299776.07014093,158354697.6946902555,157524233.21209025,-830464.4826000055,59699152.01479954,80593855.2199793790,80090025.05667882,-503830.1633005590,12,12,10,-2
AT,HIG,ALL,1,both,10975035.949585611,14816298.53194057485,14816298.531940576,1.15E-9,10975035.949585611,14816298.53194057485,14816298.531940576,1.15E-9,5,5,5,0
AT,HSA,ALL,0,old_only,965000.0,1302750.000,0,-1302750.000,965000.0,1302750.000,0,-1302750.000,1,1,0,-1
AT,HSA,ALL,1,both,1593469941.5763476,2151184421.128069260,2151184421.1280694,1.40E-7,1569310027.5763476,2118568537.228069260,2118568537.2280693,4.0E-8,2497,2497,2497,0
AU,33,ALL,0,both,25890584.562796935,34952289.15977586225,18756114.4102309,-16196174.74954496225,20120637.850301262,27162861.09790670370,18756114.4102309,-8406746.68767580370,9,9,4,-5
AU,33,ALL,1,both,334471885.17615,451537044.9878025,433656591.6945224,-17880453.2932801,170352245.8216404,229975531.859214540,212095078.56593442,-17880453.293280120,28,28,26,-2
AU,3624,ALL,0,old_only,108000.0,145800.000,0,-145800.000,108000.0,145800.000,0,-145800.000,1,1,0,-1
AU,3624,ALL,1,both,108000.0,145800.000,145800.0,0.000,108000.0,145800.000,145800.0,0.000,1,1,1,0
AU,HIC,ALL,1,both,151000.0,203850.000,203850.0,0.000,151000.0,203850.000,203850.0,0.000,3,3,3,0
AU,HSA,ALL,1,both,1463282.4,1975431.240,1975431.24,0.000,1463282.4,1975431.240,1975431.24,0.000,12,12,12,0
BE,33,ALL,0,both,15747994.657685466,21259792.78787537910,90808.02555768001,-21168984.76231769909,8286041.567590246,11186156.11624683210,45404.012778840006,-11140752.103467992094,5,5,1,-4
BE,33,ALL,1,both,280411812.0868323,378555946.317223605,378555946.3172236,-5E-9,203677116.44909048,274964107.2062721480,274964107.2062722,5.20E-8,57,57,57,0
BE,HIG,ALL,0,both,5588088.678349555,7543919.71577189925,30238.42243791272,-7513681.29333398653,5588088.678349555,7543919.71577189925,30238.42243791272,-7513681.29333398653,2,2,1,-1
BE,HIG,ALL,1,both,178447830.561038,240904571.25740130,240874332.83496338,-30238.42243792,166364677.92734915,224592315.2019213525,224562076.77948347,-30238.4224378825,46,46,46,0
BE,HSA,ALL,0,both,647970.0,874759.500,874759.5,0.000,647970.0,874759.500,874759.5,0.000,4,4,4,0
BE,HSA,ALL,1,both,9409929762.8,12703405179.780,12703405179.78,0.000,8909949616.0,12028431981.600,12028431981.6,0.000,6013,6013,6013,0
BG,HSA,ALL,1,both,5408820.0,7301907.000,7301907.000000001,1E-9,5408820.0,7301907.000,7301907.000000001,1E-9,6,6,6,0
BH,HIG,ALL,1,both,36117049.7450323,48758017.155793605,48758017.155793615,1.0E-8,18058524.87251615,24379008.5778968025,24379008.577896807,4.5E-9,1,1,1,0
BH,HSA,ALL,1,both,185600.0,250560.000,250560.00000000003,3E-11,185600.0,250560.000,250560.00000000003,3E-11,1,1,1,0
BL,HIG,ALL,1,both,63704.327682426,86000.84237127510,86000.84237127511,1E-11,63704.327682426,86000.84237127510,86000.84237127511,1E-11,1,1,1,0
BM,33,ALL,0,both,4196482.934460506,5665251.96152168310,149007.9938777658,-5516243.96764391730,4196482.934460506,5665251.96152168310,149007.9938777658,-5516243.96764391730,3,3,1,-2
BM,33,ALL,1,both,7305574.822161886,9862526.00991854610,9713518.016040782,-149007.99387776410,7305574.822161886,9862526.00991854610,9713518.016040782,-149007.99387776410,5,5,4,-1
BM,HIG,ALL,1,both,1854336.637133529,2503354.46013026415,2503354.4601302645,3.5E-10,1854336.637133529,2503354.46013026415,2503354.4601302645,3.5E-10,3,3,3,0
BN,HIG,ALL,1,both,510902.811414131,689718.79540907685,689718.795409077,1.5E-10,510902.811414131,689718.79540907685,689718.795409077,1.5E-10,1,1,1,0
BR,33,ALL,0,both,96654148.17925969,130483100.0420005815,55980557.770122945,-74502542.2718776365,62620844.42920324,84538139.9794243740,46207734.77338711,-38330405.2060372640,4,4,2,-2
BR,33,ALL,1,both,129080595.60927524,174258804.0725215740,118278246.30239865,-55980557.7701229240,93901441.28986606,126766945.7413191810,80559210.96793208,-46207734.7733871010,11,11,11,0
BR,HIG,ALL,0,both,28548158.064952828,38540013.38768631780,805367.9357391051,-37734645.45194721270,27781750.628017858,37505363.34782410830,457144.7374358818,-37048218.61038822650,3,3,2,-1
BR,HIG,ALL,1,both,104350136.50385842,140872684.2802088670,140763762.7410762,-108921.5391326670,90186641.26476035,121751965.7074264725,121643044.1682938,-108921.5391326725,34,34,34,0
BR,HSA,ALL,1,both,37120360.0,50112486.000,50112486,0.000,19120360.0,25812486.000,25812486,0.000,2,2,2,0
BS,33,ALL,0,both,3238733.284195006,4372289.93366325810,45691.12050421937,-4326598.81315903873,1653587.9751500457,2232343.766452561695,45691.12050421937,-2186652.645948342325,4,4,1,-3
BS,33,ALL,1,both,10107545.451947235,13645186.36012876725,13645186.360128768,7.5E-10,8522400.142902274,11505240.19291806990,11505240.19291807,1.0E-10,7,7,7,0
BS,HIG,ALL,1,both,307121.14469983,414613.5453447705,414613.5453447705,0E-10,307121.14469983,414613.5453447705,414613.5453447705,0E-10,4,4,4,0
BW,33,ALL,0,both,819000.0,1105650.000,1105650.0,0.000,819000.0,1105650.000,1105650.0,0.000,1,1,1,0
CA,33,ALL,0,old_only,18301343.574820016,24706813.82600702160,0,-24706813.82600702160,16479715.692330807,22247616.18464658945,0,-22247616.18464658945,4,4,0,-4
CA,33,ALL,1,both,210957528.07712308,284792662.9041161580,284792662.9041162,4.20E-8,106631319.72413285,143952281.6275793475,143952281.62757936,1.25E-8,18,18,18,0
CA,3624,ALL,0,old_only,110000.0,148500.000,0,-148500.000,110000.0,148500.000,0,-148500.000,1,1,0,-1
CA,3624,ALL,1,both,110000.0,148500.000,148500.0,0.000,110000.0,148500.000,148500.0,0.000,1,1,1,0
CA,HIC,ALL,1,both,212000.0,286200.000,286200.0,0.000,212000.0,286200.000,286200.0,0.000,1,1,1,0
CA,HIG,ALL,1,both,7558346.160328823,10203767.31644391105,10203767.316443913,1.95E-9,7558346.160328823,10203767.31644391105,10203767.316443913,1.95E-9,4,4,4,0
CA,HSA,ALL,1,both,560000.0,756000.000,756000.0,0.000,560000.0,756000.000,756000.0,0.000,2,2,2,0
CH,33,ALL,0,both,567471554.1259507,766086598.070033445,455287752.00667346,-310798846.063359985,316798265.652394,427677658.63073190,254653752.845993,-173023905.78473890,37,37,31,-6
CH,33,ALL,1,both,3452284902.26419,4660584618.0566565,4234644327.3618045,-425940290.6948520,2433750640.4874005,3285563364.657990675,3056635826.044474,-228927538.613516675,827,827,827,0
CH,3624,ALL,1,both,10994796.8,14842975.680,14842975.680000002,2E-9,10994796.8,14842975.680,14842975.680000002,2E-9,10,10,10,0
CH,HIC,ALL,1,both,218400.0,294840.000,294840.0,0.000,218400.0,294840.000,294840.0,0.000,1,1,1,0
CH,HIG,ALL,0,both,143985858.3950721,194380908.833347335,71066228.50825071,-123314680.325096625,75833109.03129183,102374697.1922439705,38370910.55070021,-64003786.6415437605,5,5,2,-3
CH,HIG,ALL,1,both,647581192.3902441,874234609.726829535,803168381.218579,-71066228.508250535,477046168.952406,644012328.08574810,605641417.5350479,-38370910.55070020,128,128,128,0
CH,HSA,ALL,1,both,358036.8,483349.680,483349.6800000001,1E-10,358036.8,483349.680,483349.6800000001,1E-10,4,4,4,0
CI,33,ALL,0,old_only,2841840.0,3836484.000,0,-3836484.000,1420920.0,1918242.000,0,-1918242.000,1,1,0,-1
CI,33,ALL,1,both,2841840.0,3836484.000,3836484.0000000005,5E-10,1420920.0,1918242.000,1918242.0000000002,2E-10,1,1,1,0
CL,33,ALL,0,both,13778406.45959011,18600848.7204466485,12254179.395542976,-6346669.3249036725,13778406.45959011,18600848.7204466485,12254179.395542976,-6346669.3249036725,11,11,11,0
CL,33,ALL,1,both,104253862.22035946,140742713.9974852710,138514812.0655221,-2227901.9319631710,79488495.52186815,107309468.9545220025,105081567.02255884,-2227901.9319631625,40,40,40,0
CL,HIG,ALL,1,both,33744152.288692705,45554605.58973515175,45554605.58973516,8.25E-9,19865822.28974565,26818860.0911566275,26818860.09115663,2.5E-9,7,7,7,0
CL,HSA,ALL,1,both,151336.0,204303.600,204303.6,0.000,151336.0,204303.600,204303.6,0.000,1,1,1,0
CN,33,ALL,0,both,65415404.641072765,88310796.26544823275,83336767.11848314,-4974029.14696509275,46728236.2248406,63083118.903534810,60168296.09843293,-2914822.805101880,16,16,12,-4
CN,33,ALL,1,both,106172177.81325063,143332440.0478883505,139189729.09518543,-4142710.9527029205,44299276.505305015,59804023.28216177025,55661312.32945884,-4142710.95270293025,14,14,12,-2
CN,HIG,ALL,1,both,2901471.1412626533,3916986.040704581955,3916986.040704583,1.045E-9,2901471.1412626533,3916986.040704581955,3916986.040704583,1.045E-9,10,10,10,0
CN,HSA,ALL,1,both,926.4,1250.640,1250.64,0.000,926.4,1250.640,1250.64,0.000,1,1,1,0
CO,33,ALL,0,both,11968513.260463474,16157492.90162568990,10564464.789901663,-5593028.11172402690,10758732.728265334,14524289.18315820090,10564464.789901663,-3959824.39325653790,8,8,7,-1
CO,33,ALL,1,both,151583328.4396453,204637493.393521155,201729846.05725148,-2907647.336269675,92511615.64190476,124890681.1165714260,121983033.78030175,-2907647.3362696760,28,28,28,0
CO,3624,ALL,0,both,185000.0,249750.000,249750.00000000003,3E-11,185000.0,249750.000,249750.00000000003,3E-11,1,1,1,0
CO,3624,ALL,1,old_only,185000.0,249750.000,0,-249750.000,185000.0,249750.000,0,-249750.000,1,1,0,-1
CO,HIG,ALL,0,old_only,1016712.044405,1372561.25994675,0,-1372561.25994675,1016712.044405,1372561.25994675,0,-1372561.25994675,1,1,0,-1
CO,HIG,ALL,1,both,26631650.897275828,35952728.71132236780,35952728.71132237,2.20E-9,26631650.897275828,35952728.71132236780,35952728.71132237,2.20E-9,20,20,20,0
CO,HSA,ALL,1,both,29828.0,40267.800,40267.8,0.000,29828.0,40267.800,40267.8,0.000,1,1,1,0
CR,33,ALL,1,both,1932798.116698511,2609277.45754298985,2609277.45754299,1.5E-10,1932798.116698511,2609277.45754298985,2609277.45754299,1.5E-10,2,2,2,0
CR,HIG,ALL,1,both,4187036.507769372,5652499.28548865220,5652499.285488652,-2.0E-10,4187036.507769372,5652499.28548865220,5652499.285488652,-2.0E-10,3,3,3,0
CR,HSA,ALL,1,both,58786.4,79361.640,79361.64000000001,1E-11,58786.4,79361.640,79361.64000000001,1E-11,1,1,1,0
CY,33,ALL,0,both,9480466.5,12798629.775,11907629.775,-891000.000,9480466.5,12798629.775,11907629.775,-891000.000,3,3,3,0
CY,33,ALL,1,both,41104787.13281488,55491462.6293000880,53934912.62930008,-1556550.0000000080,39213212.34980069,52937836.6722309315,51381286.67223094,-1556549.9999999915,6,6,6,0
CY,HIG,ALL,1,both,13452560.008875025,18160956.01198128375,18160956.01198129,6.25E-9,13452560.008875025,18160956.01198128375,18160956.01198129,6.25E-9,3,3,3,0
CY,HSA,ALL,0,old_only,570972.0,770812.200,0,-770812.200,570972.0,770812.200,0,-770812.200,1,1,0,-1
CY,HSA,ALL,1,both,3929326.0,5304590.100,5304590.100000001,1E-9,3929326.0,5304590.100,5304590.100000001,1E-9,5,5,5,0
CZ,33,ALL,0,both,17156131.435104,23160777.43739040,23160777.437390402,2E-9,17156131.435104,23160777.43739040,23160777.437390402,2E-9,1,1,1,0
CZ,33,ALL,1,both,17725731.435104,23929737.43739040,768960.0,-23160777.43739040,17725731.435104,23929737.43739040,768960.0,-23160777.43739040,4,4,3,-1
CZ,HIG,ALL,1,both,2316867.8928684248,3127771.655372373480,3127771.6553723738,3.20E-10,2316867.8928684248,3127771.655372373480,3127771.6553723738,3.20E-10,2,2,2,0
CZ,HSA,ALL,1,both,33669781.6,45454205.160,45454205.160000004,4E-9,33669781.6,45454205.160,45454205.160000004,4E-9,42,42,42,0
DE,33,ALL,0,old_only,5733618.086427593,7740384.41667725055,0,-7740384.41667725055,5522417.433213796,7455263.53483862460,0,-7455263.53483862460,4,4,0,-4
DE,33,ALL,1,both,183792082.0820087,248119310.810711745,248119310.8107117,-4.5E-8,115503381.26928669,155929564.7135370315,155929564.71353707,3.85E-8,33,33,33,0
DE,HIG,ALL,1,both,78023232.81688955,105331364.3028008925,105331364.30280092,2.75E-8,63972400.975255355,86362741.31659472925,86362741.31659475,2.075E-8,25,25,25,0
DE,HSA,ALL,0,old_only,11303190.0,15259306.500,0,-15259306.500,11303190.0,15259306.500,0,-15259306.500,2,2,0,-2
DE,HSA,ALL,1,both,12604811140.750692,17016495040.01343420,17016495040.01344,0.00000580,12542945496.660166,16932976420.49122410,16932976420.491232,0.00000790,21741,21741,21741,0
DK,33,ALL,1,both,618592460.8098859,835099822.093345965,835099822.0933458,-1.65E-7,568389716.2126927,767326116.887135145,767326116.8871353,1.55E-7,154,154,154,0
DK,HIG,ALL,1,both,915059.834910273,1235330.77712886855,1235330.7771288685,-5E-11,915059.834910273,1235330.77712886855,1235330.7771288685,-5E-11,2,2,2,0
DK,HSA,ALL,0,both,78660.0,106191.000,83835.0,-22356.000,78660.0,106191.000,83835.0,-22356.000,1,1,1,0
DK,HSA,ALL,1,both,24492760.43889,33065226.5925015,32981391.592501502,-83834.999999998,23901642.43889,32267217.2925015,32183382.2925015,-83835.0000000,91,91,91,0
DO,33,ALL,0,both,538678.710570256,727216.25926984560,363608.12963492284,-363608.12963492276,538678.710570256,727216.25926984560,363608.12963492284,-363608.12963492276,1,1,1,0
DO,33,ALL,1,both,23167430.6926036,31276031.435014860,30912423.30537994,-363608.129634920,23167430.6926036,31276031.435014860,30912423.30537994,-363608.129634920,10,10,10,0
DO,HIG,ALL,1,both,31309524.303163443,42267857.80927064805,42267857.80927065,1.95E-9,31309524.303163443,42267857.80927064805,42267857.80927065,1.95E-9,4,4,4,0
EC,33,ALL,1,both,6112118.112486638,8251359.45185696130,8251359.451856963,1.70E-9,6112118.112486638,8251359.45185696130,8251359.451856963,1.70E-9,3,3,3,0
EC,HIG,ALL,1,both,2710341.912483642,3658961.58185291670,3658961.5818529166,-1.0E-10,2710341.912483642,3658961.58185291670,3658961.5818529166,-1.0E-10,5,5,5,0
EE,33,ALL,0,both,56000.0,75600.000,75600.0,0.000,56000.0,75600.000,75600.0,0.000,1,1,1,0
ES,33,ALL,0,both,159239457.1495552,214973267.151899520,56470650.59189952,-158502616.560000000,89793522.3747776,121221255.205949760,32090656.105949763,-89130599.099999997,6,6,5,-1
ES,33,ALL,1,both,614384058.0465851,829418478.362889885,773010590.1138927,-56407888.248997185,420289442.80860513,567390747.7916169255,535331472.8571183,-32059274.9344986255,81,81,79,-2
ES,HIG,ALL,0,both,24551141.81245203,33144041.4468102405,6924829.565050622,-26219211.8817596185,24551141.81245203,33144041.4468102405,6924829.565050622,-26219211.8817596185,2,2,1,-1
ES,HIG,ALL,1,both,140190949.74196365,189257782.1516509275,182332952.5866003,-6924829.5650506275,132146400.35606736,178397640.4806909360,171472810.91564032,-6924829.5650506160,53,53,53,0
ES,HSA,ALL,0,both,92939537.0,125468374.950,23739416.55,-101728958.400,92939537.0,125468374.950,23739416.55,-101728958.400,11,11,10,-1
ES,HSA,ALL,1,both,9182639102.38856,12396562788.2245560,12380128063.724554,-16434724.5000020,8993955713.58856,12141840213.3445560,12125405488.844551,-16434724.5000050,6535,6535,6534,-1
FI,33,ALL,1,both,178626629.44654274,241145949.7528326990,241145949.75283274,4.10E-8,141265503.43659675,190708429.6394056125,190708429.63940564,2.75E-8,32,32,32,0
FI,HIG,ALL,1,both,311280.25391477,420228.3427849395,420228.3427849395,0E-10,311280.25391477,420228.3427849395,420228.3427849395,0E-10,2,2,2,0
FI,HSA,ALL,1,both,10916559.2,14737354.920,14737354.92,0.000,10916559.2,14737354.920,14737354.92,0.000,64,64,64,0
FR,33,ALL,0,both,269694076.2154452,364087002.890851020,22792119.227714762,-341294883.663136258,128815325.5824513,173900689.536309255,15036554.642285924,-158864134.894023331,21,21,7,-14
FR,33,ALL,1,both,2275085169.2213316,3071364978.448797660,3056498861.7811804,-14866116.667617260,1498937035.1383283,2023564997.436743205,2015996939.1029346,-7568058.333808605,333,333,332,-1
FR,HIG,ALL,0,both,55746827.5515675,75258217.194616125,34564144.78369116,-40694072.410924965,31311597.99824498,42270657.2976307230,17282072.39184558,-24988584.9057851430,4,4,1,-3
FR,HIG,ALL,1,both,1194735297.7703278,1612892651.989942530,1578328507.2062516,-34564144.783690930,899813220.6981075,1214747847.942445125,1197465775.5505998,-17282072.391845325,242,242,242,0
FR,HSA,ALL,0,both,61582623.2001904,83136541.320257040,9340465.080014281,-73796076.240242759,61582623.2001904,83136541.320257040,9340465.080014281,-73796076.240242759,97,97,95,-2
FR,HSA,ALL,1,both,20646599039.407322,27872908703.19988470,27872584960.479866,-323742.72001870,20218412584.742947,27294856989.40297845,27294533246.682964,-323742.72001445,27517,27517,27517,0
GB,33,ALL,0,both,152000.0,205200.000,100305.0,-104895.000,152000.0,205200.000,100305.0,-104895.000,1,1,1,0
GB,33,ALL,1,both,9371114846.996006,12651005043.44460810,12651005043.444607,-0.00000110,7182976179.930439,9697017842.90609265,9697017842.906094,0.00000135,1683,1683,1683,0
GB,3624,ALL,1,both,5578000.0,7530300.000,7530300.000000001,1E-9,5578000.0,7530300.000,7530300.000000001,1E-9,5,5,5,0
GB,HIC,ALL,0,both,7099946.0,9584927.100,8375254.2,-1209672.900,7099946.0,9584927.100,8375254.2,-1209672.900,15,15,14,-1
GB,HIC,ALL,1,both,121287644939.62,163738320668.4870,163738225212.6874,-95455.7996,121287644939.62,163738320668.4870,163738225212.6874,-95455.7996,173171,173171,173171,0
GB,HIG,ALL,0,both,148840795.21104398,200935073.5349093730,16946092.81877061,-183988980.7161387630,75714983.24008328,102215227.3741124280,8737202.876743417,-93478024.4973690110,5,5,5,0
GB,HIG,ALL,1,both,1251298742.3322592,1689253302.148549920,1673508321.0178623,-15744981.130687620,989829977.2341566,1336270469.266111410,1328303336.2904801,-7967132.975631310,267,267,267,0
GB,HSA,ALL,1,both,954681405.5471992,1288819897.488718920,1288819897.488719,8.0E-8,937681405.5471992,1265869897.488718920,1265869897.488719,8.0E-8,526,526,526,0
GG,33,ALL,1,both,5437249.791934295,7340287.21911129825,7340287.219111298,-2.5E-10,5174549.895967147,6985642.35955564845,6985642.35955565,1.55E-9,2,2,2,0
GG,HIC,ALL,1,both,88198734.98,119068292.2230,119068292.22299999,-1E-8,88198734.98,119068292.2230,119068292.22299999,-1E-8,67,67,67,0
GH,33,ALL,1,both,911500.0,1230525.000,1230525.0,0.000,911500.0,1230525.000,1230525.0,0.000,2,2,2,0
GI,33,ALL,0,both,2714095.0,3664028.250,3664028.2500000005,5E-10,2714095.0,3664028.250,3664028.2500000005,5E-10,1,1,1,0
GI,33,ALL,1,both,3760926.73626258,5077251.0939544830,5077251.093954483,0E-10,3760926.73626258,5077251.0939544830,5077251.093954483,0E-10,1,1,1,0
GI,HIC,ALL,0,both,1314558.0,1774653.300,1774653.3,0.000,1314558.0,1774653.300,1774653.3,0.000,3,3,3,0
GI,HIC,ALL,1,both,2806992.0,3789439.200,3789439.2,0.000,2806992.0,3789439.200,3789439.2,0.000,4,4,4,0
GI,HIG,ALL,1,both,64893037.6509875,87605600.828833125,87605600.82883313,5E-9,32446518.82549375,43802800.4144165625,43802800.41441657,7.5E-9,1,1,1,0
GR,33,ALL,0,both,121154640.90999785,163558765.2284970975,101526194.69247444,-62032570.5360226575,95061619.36495052,128333186.1426832020,93536279.86161363,-34796906.2810695720,22,22,19,-3
GR,33,ALL,1,both,281652901.3418503,380231416.811497905,315894475.9860364,-64336940.825461505,209271148.1360032,282516049.983604320,226065406.68128237,-56450643.302321950,43,43,41,-2
GR,HIG,ALL,0,both,18549221.216549587,25041448.64234194245,440880.8156598321,-24600567.82668211035,18549221.216549587,25041448.64234194245,440880.8156598321,-24600567.82668211035,1,1,1,0
GR,HIG,ALL,1,both,137250550.60094085,185288243.3112701475,184847362.49561036,-440880.8156597875,118380197.04944338,159813266.0167485630,159372385.20108876,-440880.8156598030,29,29,29,0
GR,HSA,ALL,0,both,19052763.8,25721231.130,24804736.380000003,-916494.749999997,19052763.8,25721231.130,24804736.380000003,-916494.749999997,9,9,9,0
GR,HSA,ALL,1,both,51640059.7,69714080.595,66741733.215,-2972347.380,51640059.7,69714080.595,66741733.215,-2972347.380,43,43,42,-1
GT,33,ALL,0,both,5197163.089095807,7016170.17027933945,2748894.4234269457,-4267275.74685239375,5197163.089095807,7016170.17027933945,2748894.4234269457,-4267275.74685239375,4,4,4,0
GT,33,ALL,1,both,13445853.44244048,18151902.1472946480,17594216.78988855,-557685.3574060980,13445853.44244048,18151902.1472946480,17594216.78988855,-557685.3574060980,10,10,10,0
GT,HIG,ALL,1,both,31380321.60531898,42363434.1671806230,42363434.16718062,-3.0E-9,31380321.60531898,42363434.1671806230,42363434.16718062,-3.0E-9,4,4,4,0
HK,33,ALL,0,both,69928150.64870977,94403003.3757581895,16827200.250322174,-77575803.1254360155,50023445.72733458,67531651.7319016830,16736239.938533973,-50795411.7933677100,20,20,11,-9
HK,33,ALL,1,both,103903349.83716828,140269522.2801771780,132239402.4156855,-8030119.8644916780,83998644.91579309,113398170.6363206715,105459011.08361721,-7939159.5527034615,31,31,31,0
HK,HIC,ALL,1,both,96000.0,129600.000,129600.00000000001,1E-11,96000.0,129600.000,129600.00000000001,1E-11,2,2,2,0
HK,HIG,ALL,1,both,39769245.25978132,53688481.1007047820,53688481.1007048,1.80E-8,30005127.267633423,40506921.81130512105,40506921.81130512,-1.05E-9,13,13,13,0
HK,HSA,ALL,1,both,125613043.2,169577608.320,169577608.32000002,2E-8,67166521.6,90674804.160,90674804.16,0.000,4,4,4,0
HN,33,ALL,1,both,2133373.76619045,2880054.5843571075,2880054.584357108,5E-10,2133373.76619045,2880054.5843571075,2880054.584357108,5E-10,1,1,1,0
HR,HSA,ALL,0,both,102856.0,138855.600,138855.6,0.000,102856.0,138855.600,138855.6,0.000,1,1,1,0
HR,HSA,ALL,1,both,214527712.568,289612411.96680,289612411.9668,0.00000,214527712.568,289612411.96680,289612411.9668,0.00000,629,629,629,0
HU,33,ALL,1,both,4368800.0,5897880.000,5897880.0,0.000,4368800.0,5897880.000,5897880.0,0.000,1,1,1,0
HU,HIG,ALL,1,both,3708462.342769897,5006424.16273936095,5006424.162739362,1.05E-9,3708462.342769897,5006424.16273936095,5006424.162739362,1.05E-9,2,2,2,0
HU,HSA,ALL,1,both,24783260.8,33457402.080,33457402.08,0.000,24783260.8,33457402.080,33457402.08,0.000,116,116,116,0
ID,33,ALL,0,both,0.0,0.000,0.0,0.000,0.0,0.000,0.0,0.000,1,1,1,0
ID,33,ALL,1,both,6355328.238240639,8579693.12162486265,8579693.121624863,3.5E-10,3497181.397450843,4721194.88655863805,4721194.886558638,-5E-11,3,3,2,-1
IE,33,ALL,0,both,59424635.864,80223258.41640,16581742.491600001,-63641515.924799999,42828507.564,57818485.21140,16367413.116600001,-41451072.094799999,11,11,11,0
IE,33,ALL,1,both,310615190.88789994,419330507.6986649190,416615175.74866503,-2715331.9499998890,210109419.3603245,283647716.136438075,281146713.5614381,-2501002.574999975,60,60,60,0
IE,HIG,ALL,1,both,9256595.006565984,12496403.25886407840,12496403.25886408,1.60E-9,9256595.006565984,12496403.25886407840,12496403.25886408,1.60E-9,3,3,3,0
IE,HSA,ALL,0,both,65258663.1,88099195.185,66108224.11500001,-21990971.06999999,65258663.1,88099195.185,66108224.11500001,-21990971.06999999,52,52,52,0
IE,HSA,ALL,1,both,5237425154.558512,7070523958.65399120,7063893426.363988,-6630532.29000320,5237425154.558512,7070523958.65399120,7063893426.363988,-6630532.29000320,9243,9243,9242,-1
IL,33,ALL,0,both,77873629.50602305,105129399.8331311175,9189487.720355295,-95939912.1127758225,49272739.651747815,66518198.52985955025,9117495.493071498,-57400703.03678805225,19,19,7,-12
IL,33,ALL,1,both,118255692.51285431,159645184.8923533185,151866580.56976274,-7778604.3225905785,88344175.71247579,119264637.2118423165,111558025.11653554,-7706612.0953067765,38,38,38,0
IL,HIG,ALL,0,both,973635.3115269479,1314407.670561379665,173120.739177033,-1141286.931384346665,973635.3115269479,1314407.670561379665,173120.739177033,-1141286.931384346665,1,1,1,0
IL,HIG,ALL,1,both,23608335.443846915,31871252.84919333525,31698132.1100163,-173120.73917703525,23608335.443846915,31871252.84919333525,31698132.1100163,-173120.73917703525,23,23,23,0
IL,HSA,ALL,1,both,3880302.4000000004,5238408.240000000540,5238408.240000001,4.60E-10,3880302.4000000004,5238408.240000000540,5238408.240000001,4.60E-10,3,3,3,0
IM,33,ALL,1,both,712941.0,962470.350,962470.3500000001,1E-10,712941.0,962470.350,962470.3500000001,1E-10,1,1,1,0
IM,HIC,ALL,0,old_only,4434700.0,5986845.000,0,-5986845.000,4434700.0,5986845.000,0,-5986845.000,1,1,0,-1
IM,HIC,ALL,1,both,198726910.07,268281328.5945,268281328.5945,0.0000,198726910.07,268281328.5945,268281328.5945,0.0000,184,184,184,0
IN,33,ALL,0,both,15613768.340378208,21078587.25951058080,21078587.25951058,-8.0E-10,7862072.316069758,10613797.62669417330,10613797.626694173,-3.0E-10,2,2,2,0
IN,33,ALL,1,both,15613768.340378208,21078587.25951058080,149007.9938777658,-20929579.26563281500,7862072.316069758,10613797.62669417330,149007.9938777658,-10464789.63281640750,2,2,1,-1
IN,3624,ALL,0,old_only,8000.0,10800.000,0,-10800.000,8000.0,10800.000,0,-10800.000,1,1,0,-1
IN,3624,ALL,1,both,8000.0,10800.000,10800.0,0.000,8000.0,10800.000,10800.0,0.000,1,1,1,0
IN,HIC,ALL,1,both,94000.0,126900.000,126900.00000000001,1E-11,94000.0,126900.000,126900.00000000001,1E-11,1,1,1,0
IN,HIG,ALL,1,both,113009.371380435,152562.65136358725,152562.65136358727,2E-11,113009.371380435,152562.65136358725,152562.65136358727,2E-11,1,1,1,0
IN,HSA,ALL,1,both,236400.0,319140.000,319140.0,0.000,236400.0,319140.000,319140.0,0.000,2,2,2,0
IS,33,ALL,1,both,5543424.18798417,7483622.6537786295,7483622.65377863,5E-10,5543424.18798417,7483622.6537786295,7483622.65377863,5E-10,4,4,4,0
IS,HIG,ALL,1,both,220671.189398156,297906.10568751060,297906.10568751063,3E-11,220671.189398156,297906.10568751060,297906.10568751063,3E-11,1,1,1,0
IS,HSA,ALL,1,both,1486287.2,2006487.720,2006487.72,0.000,1486287.2,2006487.720,2006487.72,0.000,1,1,1,0
IT,33,ALL,0,old_only,26059506.934906065,35180334.36212318775,0,-35180334.36212318775,24828728.933958396,33518784.06084383460,0,-33518784.06084383460,8,8,0,-8
IT,33,ALL,1,both,1171699364.2789078,1581794141.776525530,1581794141.7765255,-3.0E-8,824655516.0782858,1113284946.705685830,1113284946.7056859,7.0E-8,206,206,206,0
IT,HIG,ALL,0,both,20857103.546003282,28157089.78710443070,2084027.4573474303,-26073062.32975700040,11670743.943722846,15755504.32402584210,2084027.4573474303,-13671476.86667841180,3,3,2,-1
IT,HIG,ALL,1,both,324243751.586941,437729064.64237035,436331749.4502796,-1397315.19209075,233175880.16769502,314787438.2263882770,313390123.0342976,-1397315.1920906770,84,84,84,0
IT,HSA,ALL,0,both,29905790.0,40372816.500,13343791.5,-27029025.000,29905790.0,40372816.500,13343791.5,-27029025.000,6,6,4,-2
IT,HSA,ALL,1,both,473456211.57402545,639165885.6249343575,639165885.6249346,2.425E-7,455808138.4629761,615340986.925017735,615340986.9250178,6.5E-8,745,745,745,0
JE,HIC,ALL,0,both,2156533.2,2911319.820,2900384.8200000003,-10934.9999999997,2156533.2,2911319.820,2900384.8200000003,-10934.9999999997,6,6,6,0
JE,HIC,ALL,1,both,123050348.81,166117970.8935,164563378.3935,-1554592.5000,123050348.81,166117970.8935,164563378.3935,-1554592.5000,179,179,179,0
JE,HIG,ALL,1,both,8328826.546729041,11243915.83808420535,11243915.838084206,6.5E-10,8328826.546729041,11243915.83808420535,11243915.838084206,6.5E-10,2,2,2,0
JO,33,ALL,1,both,5001.0,6751.350,6751.35,0.000,5001.0,6751.350,6751.35,0.000,1,1,1,0
JO,HIG,ALL,1,both,25251.3149265181,34089.275150799435,34089.27515079943,-5E-12,25251.3149265181,34089.275150799435,34089.27515079943,-5E-12,1,1,1,0
JP,33,ALL,0,old_only,3060082.643000042,4131111.56805005670,0,-4131111.56805005670,1599407.467380675,2159200.08096391125,0,-2159200.08096391125,3,3,0,-3
JP,33,ALL,1,both,83586974.90070543,112842416.1159523305,112842416.11595233,-5E-10,47547710.997818835,64189409.84705542725,64189409.84705542,-7.25E-9,10,10,10,0
JP,HIC,ALL,1,both,276000.0,372600.000,372600.0,0.000,276000.0,372600.000,372600.0,0.000,2,2,2,0
JP,HIG,ALL,1,both,183525417.04899305,247759313.0161406175,247759313.01614058,-3.75E-8,107035050.91833518,144497318.7397524930,144497318.7397525,7.0E-9,42,42,42,0
JP,HSA,ALL,1,both,20201080.8,27271459.080,27271459.080000002,2E-9,20201080.8,27271459.080,27271459.080000002,2E-9,23,23,23,0
KE,33,ALL,0,old_only,507679.116713549,685366.80756329115,0,-685366.80756329115,253839.5583567745,342683.403781645575,0,-342683.403781645575,1,1,0,-1
KE,33,ALL,1,both,507679.116713549,685366.80756329115,685366.8075632912,5E-11,253839.5583567745,342683.403781645575,342683.4037816456,2.5E-11,1,1,1,0
KE,HIG,ALL,1,both,200905.549120775,271222.49131304625,271222.49131304625,0E-11,200905.549120775,271222.49131304625,271222.49131304625,0E-11,1,1,1,0
KR,33,ALL,0,both,146853.9764436889,198252.868198980015,49244.87432121422,-149007.993877765795,128615.13410249846,173630.4310383729210,24622.43716060711,-149007.9938777658110,2,2,1,-1
KR,33,ALL,1,both,146853.9764436889,198252.868198980015,149007.9938777658,-49244.874321214215,128615.13410249846,173630.4310383729210,149007.9938777658,-24622.4371606071210,2,2,1,-1
KR,HIG,ALL,1,both,13972198.739451554,18862468.29825959790,18862468.298259597,-9.0E-10,13972198.739451554,18862468.29825959790,18862468.298259597,-9.0E-10,22,22,22,0
KW,33,ALL,0,both,129332.571187894,174598.97110365690,174598.97110365692,2E-11,129332.571187894,174598.97110365690,174598.97110365692,2E-11,1,1,1,0
KY,33,ALL,0,both,3716311.9180493057,5017021.089366562695,273639.04390860215,-4743382.045457960545,3614964.124009083,4880201.56741226205,136819.52195430108,-4743382.04545796097,2,2,1,-1
KY,33,ALL,1,both,3716311.9180493057,5017021.089366562695,4743382.045457961,-273639.043908601695,3614964.124009083,4880201.56741226205,4743382.045457961,-136819.52195430105,2,2,1,-1
LB,33,ALL,0,both,36233826.267543145,48915665.46118324575,40257079.14412824,-8658586.31705500575,32540321.551768232,43929434.09488711320,38912554.21616226,-5016879.87872485320,9,9,7,-2
LB,33,ALL,1,both,25253041.312895793,34091605.77240932055,31345206.45273694,-2746399.31967238055,21559536.59712089,29105374.4061132015,27703500.014406793,-1401874.3917064085,9,9,9,0
LB,HIG,ALL,0,both,1127054.332947247,1521523.34947878345,1015358.2334270974,-506165.11605168605,1127054.332947247,1521523.34947878345,1015358.2334270974,-506165.11605168605,2,2,1,-1
LB,HIG,ALL,1,both,25744511.73505924,34755090.8423299740,34755090.84232997,-4.0E-9,25744511.73505924,34755090.8423299740,34755090.84232997,-4.0E-9,8,8,8,0
LI,33,ALL,1,both,11747642.031837123,15859316.74298011605,15859316.742980117,9.5E-10,11747642.031837123,15859316.74298011605,15859316.742980117,9.5E-10,4,4,4,0
LI,HSA,ALL,0,both,2761322.0,3727784.700,3727784.7,0.000,2761322.0,3727784.700,3727784.7,0.000,2,2,2,0
LI,HSA,ALL,1,both,2821322.0,3808784.700,81000.0,-3727784.700,2821322.0,3808784.700,81000.0,-3727784.700,3,3,1,-2
LK,HIG,ALL,1,both,83045.0217361874,112110.779343852990,112110.77934385299,0E-12,83045.0217361874,112110.779343852990,112110.77934385299,0E-12,1,1,1,0
LT,33,ALL,0,both,3950744.8,5333505.480,5333505.48,0.000,3950744.8,5333505.480,5333505.48,0.000,2,2,2,0
LT,33,ALL,1,both,3637140.0,4910139.000,4910139.0,0.000,3637140.0,4910139.000,4910139.0,0.000,4,4,4,0
LT,HSA,ALL,1,both,48000.0,64800.000,64800.00000000001,1E-11,24000.0,32400.000,32400.000000000004,4E-12,1,1,1,0
LU,33,ALL,0,old_only,2723.0,3676.050,0,-3676.050,2723.0,3676.050,0,-3676.050,1,1,0,-1
LU,33,ALL,1,both,15425010.842777418,20823764.63774951430,20823764.637749515,7.0E-10,15425010.842777418,20823764.63774951430,20823764.637749515,7.0E-10,4,4,4,0
LU,HIG,ALL,1,both,5471783.922817735,7386908.29580394225,7386908.295803943,7.5E-10,5471783.922817735,7386908.29580394225,7386908.295803943,7.5E-10,2,2,2,0
LU,HSA,ALL,1,both,364116653.6,491557482.360,491557482.3600001,1E-7,364116653.6,491557482.360,491557482.3600001,1E-7,592,592,592,0
LV,HSA,ALL,1,both,4000.0,5400.000,5400.0,0.000,4000.0,5400.000,5400.0,0.000,1,1,1,0
MA,33,ALL,0,both,160000.0,216000.000,216000.0,0.000,160000.0,216000.000,216000.0,0.000,1,1,1,0
MA,33,ALL,1,both,636050.8055175319,858668.587448668065,642668.5874486682,-215999.999999999865,636050.8055175319,858668.587448668065,642668.5874486682,-215999.999999999865,2,2,1,-1
MA,HIG,ALL,1,both,77594712.22969653,104752861.5100903155,104752861.51009029,-2.55E-8,77380982.92213324,104464326.9448798740,104464326.94487986,-1.40E-8,9,9,9,0
MA,HSA,ALL,1,both,23171460.57877,31281471.7813395,31281471.781339496,-4E-9,23171460.57877,31281471.7813395,31281471.781339496,-4E-9,4,4,4,0
MC,33,ALL,0,both,70175004.68157943,94736256.3201322305,25477438.61953574,-69258817.7005964905,37352524.26646368,50425907.7597259680,20520481.249377515,-29905426.5103484530,14,14,10,-4
MC,33,ALL,1,both,338920050.44964075,457542068.1070150125,440906630.1564291,-16635437.9505859125,202397157.63661495,273236162.8094301825,261356690.83864295,-11879471.9707872325,43,43,41,-2
MC,HIG,ALL,0,both,56759921.1781164,76625893.590457140,15508156.22226567,-61117737.368191470,28379960.5890582,38312946.795228570,7754078.111132835,-30558868.684095735,1,1,1,0
MC,HIG,ALL,1,both,79939924.40612827,107918897.9482731645,92410741.72600748,-15508156.2222656845,51559963.81707007,69605951.1530445945,61851873.04191176,-7754078.1111328345,12,12,12,0
MC,HSA,ALL,0,old_only,1023468.8,1381682.880,0,-1381682.880,1023468.8,1381682.880,0,-1381682.880,1,1,0,-1
MC,HSA,ALL,1,both,1050712996.6136404,1418462545.428414540,1418462545.4284148,2.60E-7,993449291.276886,1341156543.22379610,1341156543.2237961,0E-8,634,634,634,0
MK,HIC,ALL,1,both,109000.0,147150.000,147150.0,0.000,109000.0,147150.000,147150.0,0.000,1,1,1,0
MT,33,ALL,0,both,2000.0,2700.000,2700.0,0.000,2000.0,2700.000,2700.0,0.000,1,1,1,0
MT,33,ALL,1,both,1199276.0,1619022.600,1616322.6,-2700.000,1199276.0,1619022.600,1616322.6,-2700.000,2,2,1,-1
MT,HSA,ALL,1,both,4325600.12187,5839560.1645245,5839560.1645245,0E-7,4325600.12187,5839560.1645245,5839560.1645245,0E-7,13,13,13,0
MU,HIG,ALL,1,both,2066021.52559455,2789129.0595526425,2789129.0595526425,0E-10,2066021.52559455,2789129.0595526425,2789129.0595526425,0E-10,1,1,1,0
MX,33,ALL,0,both,7114586.373140398,9604691.60373953730,5570458.340227749,-4034233.26351178830,7114586.373140398,9604691.60373953730,5570458.340227749,-4034233.26351178830,2,2,1,-1
MX,33,ALL,1,both,22688725.59334642,30629779.5510176670,25059321.210789915,-5570458.3402277520,22688725.59334642,30629779.5510176670,25059321.210789915,-5570458.3402277520,13,13,13,0
MX,3624,ALL,0,old_only,200000.0,270000.000,0,-270000.000,200000.0,270000.000,0,-270000.000,1,1,0,-1
MX,3624,ALL,1,both,200000.0,270000.000,270000.0,0.000,200000.0,270000.000,270000.0,0.000,1,1,1,0
MX,HIG,ALL,0,both,16448885.4299854,22205995.330480290,529234.5424871021,-21676760.7879931879,16448885.4299854,22205995.330480290,529234.5424871021,-21676760.7879931879,3,3,3,0
MX,HIG,ALL,1,both,263034815.8316159,355097001.372681465,354567766.83019435,-529234.542487115,239889344.47848186,323850615.0459505110,323321380.5034634,-529234.5424871110,90,90,90,0
MX,HSA,ALL,1,both,5264746.4,7107407.640,7107407.640000001,1E-9,5264746.4,7107407.640,7107407.640000001,1E-9,9,9,9,0
MY,33,ALL,0,old_only,3683494.03571052,4972716.9482092020,0,-4972716.9482092020,1841747.01785526,2486358.4741046010,0,-2486358.4741046010,1,1,0,-1
MY,33,ALL,1,both,3683494.03571052,4972716.9482092020,4972716.948209203,1.0E-9,1841747.01785526,2486358.4741046010,2486358.4741046014,4E-10,1,1,1,0
MY,HIG,ALL,1,both,353495.088674619,477218.36971073565,477218.3697107356,-5E-11,353495.088674619,477218.36971073565,477218.3697107356,-5E-11,1,1,1,0
NG,33,ALL,0,both,1504234.419892,2030716.46685420,2030716.4668542002,2E-10,752117.209946,1015358.23342710,1015358.2334271001,1E-10,1,1,1,0
NG,33,ALL,1,both,1542234.419892,2082016.46685420,51300.0,-2030716.46685420,790117.209946,1066658.23342710,51300.0,-1015358.23342710,2,2,1,-1
NL,33,ALL,0,both,18020966.544,24328304.83440,23315804.834400002,-1012499.999999998,18020966.544,24328304.83440,23315804.834400002,-1012499.999999998,4,4,3,-1
NL,33,ALL,1,both,51013102.48498177,68867688.3547253895,68411727.2047254,-455961.1499999895,43391627.57981621,58578697.2327518835,58122736.08275189,-455961.1499999935,23,23,22,-1
NL,HIG,ALL,1,both,22920435.965222117,30942588.55304985795,30942588.55304986,2.05E-9,17046919.491134807,23013341.31303198945,23013341.31303199,5.5E-10,13,13,13,0
NL,HSA,ALL,1,both,10656038934.289627,14385652561.29099645,14385652561.290989,-0.00000745,10407871296.689627,14050626250.53099645,14050626250.530989,-0.00000745,8631,8631,8631,0
NO,33,ALL,1,both,161170551.5478677,217580244.589621395,217580244.5896214,5E-9,93631415.33316496,126402410.6997726960,126402410.6997727,4.0E-9,17,17,17,0
NO,HIG,ALL,1,both,761095.8091728213,1027479.342383308755,1027479.3423833089,1.45E-10,761095.8091728213,1027479.342383308755,1027479.3423833089,1.45E-10,2,2,2,0
NO,HSA,ALL,1,both,43241820.0,58376457.000,58376457.00000001,1E-8,43241820.0,58376457.000,58376457.00000001,1E-8,161,161,161,0
NZ,33,ALL,0,both,1258181.0917733419,1698544.473894011565,1698544.4738940117,1.35E-10,1258181.0917733419,1698544.473894011565,1698544.4738940117,1.35E-10,4,4,3,-1
NZ,33,ALL,1,both,9412113.381831858,12706353.06547300830,12706353.065473013,4.70E-9,9412113.381831858,12706353.06547300830,12706353.065473013,4.70E-9,11,11,11,0
NZ,HIG,ALL,1,both,5695863.355345301,7689415.52971615635,7689415.529716157,6.5E-10,5695863.355345301,7689415.52971615635,7689415.529716157,6.5E-10,5,5,5,0
NZ,HSA,ALL,1,both,284541.6,384131.160,384131.16,0.000,284541.6,384131.160,384131.16,0.000,1,1,1,0
OM,33,ALL,0,both,2500.0,3375.000,3375.0,0.000,2500.0,3375.000,3375.0,0.000,1,1,1,0
OM,HIG,ALL,1,both,3570559.5758811007,4820255.427439485945,4820255.427439487,1.055E-9,3570559.5758811007,4820255.427439485945,4820255.427439487,1.055E-9,2,2,2,0
PA,33,ALL,0,both,1009571.44361377,1362921.4488785895,227153.57481309873,-1135767.87406549077,1009571.44361377,1362921.4488785895,227153.57481309873,-1135767.87406549077,1,1,1,0
PA,33,ALL,1,both,8016098.617608573,10821733.13377157355,10594579.558958476,-227153.57481309755,8016098.617608573,10821733.13377157355,10594579.558958476,-227153.57481309755,7,7,7,0
PA,HIG,ALL,0,old_only,22262.6694144015,30054.603709442025,0,-30054.603709442025,22262.6694144015,30054.603709442025,0,-30054.603709442025,1,1,0,-1
PA,HIG,ALL,1,both,8624915.800478343,11643636.33064576305,11643636.330645764,9.5E-10,8624915.800478343,11643636.33064576305,11643636.330645764,9.5E-10,10,10,10,0
PE,33,ALL,1,both,147443397.54639003,199048586.6876265405,199048586.68762654,-5E-10,114492018.53206621,154564225.0182893835,154564225.0182894,1.65E-8,40,40,40,0
PE,HIG,ALL,1,both,21195725.717895888,28614229.71915944880,28614229.71915945,1.20E-9,21195725.717895888,28614229.71915944880,28614229.71915945,1.20E-9,11,11,11,0
PE,HSA,ALL,1,both,494000.0,666900.000,666900.0,0.000,494000.0,666900.000,666900.0,0.000,1,1,1,0
PH,33,ALL,0,both,169226.37223785,228455.6025210975,228455.60252109752,2E-11,84613.186118925,114227.80126054875,114227.80126054876,1E-11,1,1,1,0
PH,33,ALL,1,old_only,169226.37223785,228455.6025210975,0,-228455.6025210975,84613.186118925,114227.80126054875,0,-114227.80126054875,1,1,0,-1
PH,HIG,ALL,1,both,126666.01483175099,170999.1200228638365,170999.12002286385,1.35E-11,126666.01483175099,170999.1200228638365,170999.12002286385,1.35E-11,2,2,2,0
PK,HIC,ALL,0,both,17013.2,22967.820,22967.820000000003,3E-12,17013.2,22967.820,22967.820000000003,3E-12,1,1,1,0
PL,33,ALL,0,both,229138.0,309336.300,17153.100000000002,-292183.199999999998,229138.0,309336.300,17153.100000000002,-292183.199999999998,1,1,1,0
PL,33,ALL,1,both,11831807.323602945,15972939.88686397575,15955786.786863977,-17153.09999999875,11831807.323602945,15972939.88686397575,15955786.786863977,-17153.09999999875,6,6,6,0
PL,HIG,ALL,1,both,962933.948164082,1299960.83002151070,1299960.8300215108,1.0E-10,962933.948164082,1299960.83002151070,1299960.8300215108,1.0E-10,1,1,1,0
PL,HSA,ALL,0,both,10000.0,13500.000,13500.0,0.000,10000.0,13500.000,13500.0,0.000,1,1,1,0
PL,HSA,ALL,1,both,5573336.4,7524004.140,7524004.140000001,1E-9,5573336.4,7524004.140,7524004.140000001,1E-9,126,126,126,0
PR,33,ALL,1,both,5830505.30242632,7871182.1582755320,7871182.158275532,0E-10,5830505.30242632,7871182.1582755320,7871182.158275532,0E-10,2,2,2,0
PR,HIG,ALL,1,both,1849998.0745799434,2497497.400682923590,2497497.400682924,4.10E-10,1849998.0745799434,2497497.400682923590,2497497.400682924,4.10E-10,3,3,3,0
PT,33,ALL,0,both,7151550.608372574,9654593.32130297490,8872462.874094082,-782130.44720889290,7151550.608372574,9654593.32130297490,8872462.874094082,-782130.44720889290,2,2,2,0
PT,33,ALL,1,both,115973936.62573147,156564814.4447374845,149281147.6706434,-7283666.7740940845,49767654.61069662,67186333.7244404370,59902666.95034636,-7283666.7740940770,12,12,12,0
PT,HIG,ALL,1,both,70042765.7276809,94557733.732369215,94557733.73236924,2.5E-8,45383301.70144706,61267457.2969535310,61267457.29695355,1.90E-8,12,12,12,0
PT,HSA,ALL,0,both,62080493.0,83808665.550,12093965.55,-71714700.000,62080493.0,83808665.550,12093965.55,-71714700.000,4,4,3,-1
PT,HSA,ALL,1,both,4166310549.02553,5624519241.1844655,5624519241.184467,0.0000015,4093631328.62553,5526402293.6444655,5526402293.644468,0.0000025,3338,3338,3338,0
PY,33,ALL,0,both,6421396.23038855,8668884.9110245425,8668884.911024543,5E-10,6421396.23038855,8668884.9110245425,8668884.911024543,5E-10,1,1,1,0
QA,33,ALL,0,old_only,2237.95565140872,3021.2401294017720,0,-3021.2401294017720,1118.97782570436,1510.6200647008860,0,-1510.6200647008860,1,1,0,-1
QA,33,ALL,1,both,389545.2256163597,525886.054582085595,525886.0545820856,5E-12,388426.24779065535,524375.4345173847225,524375.4345173847,-2.25E-11,2,2,2,0
QA,HIG,ALL,1,both,4789663.122565026,6466045.21546278510,6466045.215462786,9.0E-10,4789663.122565026,6466045.21546278510,6466045.215462786,9.0E-10,3,3,3,0
RO,33,ALL,0,both,4000.0,5400.000,5400.0,0.000,4000.0,5400.000,5400.0,0.000,1,1,1,0
RO,33,ALL,1,old_only,4000.0,5400.000,0,-5400.000,4000.0,5400.000,0,-5400.000,1,1,0,-1
RO,HSA,ALL,0,both,85713.0,115712.550,115712.55,0.000,85713.0,115712.550,115712.55,0.000,1,1,1,0
RO,HSA,ALL,1,both,6003751.4,8105064.390,7989351.840000001,-115712.549999999,6003751.4,8105064.390,7989351.840000001,-115712.549999999,13,13,12,-1
RS,HIG,ALL,1,both,143647.467621354,193924.08128882790,193924.08128882793,3E-11,143647.467621354,193924.08128882790,193924.08128882793,3E-11,1,1,1,0
RS,HSA,ALL,1,both,56000.0,75600.000,75600.0,0.000,56000.0,75600.000,75600.0,0.000,1,1,1,0
RU,HSA,ALL,1,both,2307360.0,3114936.000,3114936.0,0.000,2307360.0,3114936.000,3114936.0,0.000,1,1,1,0
SA,33,ALL,0,both,12947615.8636562,17479281.415935870,2756717.4032401154,-14722564.0126957546,6483807.9318281,8753140.707967935,1378358.7016200577,-7374782.0063478773,2,2,1,-1
SA,33,ALL,1,both,12947615.8636562,17479281.415935870,17479281.41593587,0E-9,6483807.9318281,8753140.707967935,8753140.707967935,0E-9,2,2,2,0
SA,HIG,ALL,1,both,24501192.553292,33076609.94694420,33076609.9469442,0E-8,24501192.553292,33076609.94694420,33076609.9469442,0E-8,9,9,9,0
SA,HSA,ALL,1,both,2939697.5999999996,3968591.759999999460,3968591.76,5.40E-10,1469848.7999999998,1984295.879999999730,1984295.88,2.70E-10,1,1,1,0
SC,33,ALL,0,both,4054620.632079304,5473737.85330706040,5473737.853307061,6.0E-10,2572200.431715277,3472470.58281562395,3472470.5828156243,3.5E-10,3,3,3,0
SC,33,ALL,1,old_only,485674.047443554,655659.96404879790,0,-655659.96404879790,242837.023721777,327829.98202439895,0,-327829.98202439895,1,1,0,-1
SE,33,ALL,0,both,264348333.14132863,356870249.7407936505,144017548.04316634,-212852701.6976273105,216781498.11759406,292655022.4587519810,86223843.48932883,-206431178.9694231510,5,5,5,0
SE,33,ALL,1,both,2694309250.7946787,3637317488.572816245,3523062568.1485662,-114254920.424250045,2430519956.7227507,3281201941.575713445,3224740725.7053013,-56461215.870412145,462,462,462,0
SE,HIG,ALL,1,both,119269832.53138606,161014273.9173711810,161014273.91737118,-1.0E-9,41431963.18542705,55933150.3003265175,55933150.300326504,-1.35E-8,9,9,9,0
SE,HSA,ALL,0,both,891706.8,1203804.180,368177.13,-835627.050,891706.8,1203804.180,368177.13,-835627.050,6,6,3,-3
SE,HSA,ALL,1,both,90575537.4,122276975.490,122212409.04000002,-64566.44999998,90575537.4,122276975.490,122212409.04000002,-64566.44999998,336,336,336,0
SG,33,ALL,0,old_only,21556194.915717743,29100863.13621895305,0,-29100863.13621895305,10975771.473728545,14817291.48953353575,0,-14817291.48953353575,7,7,0,-7
SG,33,ALL,1,both,75340142.25775777,101709192.0479729895,101709192.04797299,5E-10,42846654.58754989,57842983.6931923515,57842983.693192355,3.5E-9,15,15,15,0
SG,3624,ALL,0,old_only,140000.0,189000.000,0,-189000.000,140000.0,189000.000,0,-189000.000,1,1,0,-1
SG,3624,ALL,1,both,212000.0,286200.000,286200.0,0.000,212000.0,286200.000,286200.0,0.000,2,2,2,0
SG,HIC,ALL,0,old_only,255000.0,344250.000,0,-344250.000,255000.0,344250.000,0,-344250.000,1,1,0,-1
SG,HIC,ALL,1,both,952584.0,1285988.400,1285988.4000000001,1E-10,952584.0,1285988.400,1285988.4000000001,1E-10,5,5,5,0
SG,HIG,ALL,1,both,32484666.484152846,43854299.75360634210,43854299.75360634,-2.10E-9,32484666.484152846,43854299.75360634210,43854299.75360634,-2.10E-9,8,8,8,0
SG,HSA,ALL,1,both,221300.0,298755.000,298755.0,0.000,221300.0,298755.000,298755.0,0.000,3,3,3,0
SI,HSA,ALL,1,both,2382800.8,3216781.080,3216781.08,0.000,2382800.8,3216781.080,3216781.08,0.000,12,12,12,0
SK,33,ALL,0,old_only,4200.0,5670.000,0,-5670.000,4200.0,5670.000,0,-5670.000,1,1,0,-1
SK,33,ALL,1,both,7055894.33204471,9525457.3482603585,9525457.34826036,1.5E-9,7055894.33204471,9525457.3482603585,9525457.34826036,1.5E-9,2,2,2,0
SK,HIG,ALL,1,both,2137293.07600897,2885345.6526121095,2885345.6526121097,2E-10,2137293.07600897,2885345.6526121095,2885345.6526121097,2E-10,1,1,1,0
SK,HSA,ALL,1,both,81600.0,110160.000,110160.0,0.000,81600.0,110160.000,110160.0,0.000,3,3,3,0
SL,HSA,ALL,0,both,30400.0,41040.000,41040.0,0.000,30400.0,41040.000,41040.0,0.000,1,1,1,0
SN,33,ALL,0,both,683280.0,922428.000,922428.0000000001,1E-10,341640.0,461214.000,461214.00000000006,6E-11,1,1,1,0
SN,33,ALL,1,old_only,683280.0,922428.000,0,-922428.000,341640.0,461214.000,0,-461214.000,1,1,0,-1
SV,33,ALL,1,both,2896398.306232046,3910137.71341326210,3910137.7134132623,2.0E-10,2896398.306232046,3910137.71341326210,3910137.7134132623,2.0E-10,4,4,4,0
SV,HIG,ALL,1,both,1380511.13885588,1863690.0374554380,1863690.037455438,0E-10,1380511.13885588,1863690.0374554380,1863690.037455438,0E-10,1,1,1,0
TH,33,ALL,0,both,131620.51174055,177687.6908497425,177687.6908497425,0E-10,65810.255870275,88843.84542487125,88843.84542487125,0E-11,1,1,1,0
TH,33,ALL,1,old_only,131620.51174055,177687.6908497425,0,-177687.6908497425,65810.255870275,88843.84542487125,0,-88843.84542487125,1,1,0,-1
TH,HIC,ALL,1,both,20000.0,27000.000,27000.0,0.000,20000.0,27000.000,27000.0,0.000,1,1,1,0
TH,HIG,ALL,1,both,12562160.686231695,16958916.92641278825,16958916.92641279,1.75E-9,12279786.9324147,16577712.358759845,16577712.358759848,3E-9,6,6,6,0
TN,HSA,ALL,1,both,163200.0,220320.000,220320.0,0.000,163200.0,220320.000,220320.0,0.000,1,1,1,0
TR,33,ALL,0,old_only,6637471.607575321,8960586.67022668335,0,-8960586.67022668335,3318735.8037876603,4480293.335113341405,0,-4480293.335113341405,1,1,0,-1
TR,33,ALL,1,both,11289232.179395001,15240463.44218325135,15240463.44218325,-1.35E-9,7970496.375607341,10760170.10706991035,10760170.10706991,-3.5E-10,3,3,3,0
TR,HIG,ALL,1,both,362127.664375217,488872.34690654295,488872.34690654295,0E-11,362127.664375217,488872.34690654295,488872.34690654295,0E-11,2,2,2,0
TR,HSA,ALL,1,both,691280.0,933228.000,933228.0000000001,1E-10,691280.0,933228.000,933228.0000000001,1E-10,4,4,4,0
TW,33,ALL,0,both,2572431.978519528,3472783.17100136280,149007.9938777658,-3323775.17712359700,1341404.135140418,1810895.58243956430,149007.9938777658,-1661887.58856179850,2,2,1,-1
TW,33,ALL,1,both,2583834.2745195283,3488176.270601363205,3339168.2767235977,-149007.993877765505,1352806.4311404182,1826288.682039564570,1677280.6881617988,-149007.993877765770,3,3,2,-1
TW,HIC,ALL,1,both,275000.0,371250.000,371250.0,0.000,275000.0,371250.000,371250.0,0.000,1,1,1,0
TW,HIG,ALL,1,both,9125966.190827187,12320054.35761670245,12320054.357616704,1.55E-9,9125966.190827187,12320054.35761670245,12320054.357616704,1.55E-9,16,16,16,0
US,33,ALL,0,both,2365811502.9090543,3193845528.927223305,2939741491.9117985,-254104037.015424805,1413295965.355323,1907949553.22968605,1771607113.6204693,-136342439.60921675,326,326,305,-21
US,33,ALL,1,both,738973417.3485165,997614113.420497275,392727226.04008025,-604886887.380417025,426252309.81766593,575440618.2538490055,237721948.74355748,-337718669.5102915255,106,106,55,-51
US,3624,ALL,0,old_only,345000.0,465750.000,0,-465750.000,345000.0,465750.000,0,-465750.000,1,1,0,-1
US,3624,ALL,1,both,2462700.0,3324645.000,3324645.0,0.000,2462700.0,3324645.000,3324645.0,0.000,3,3,3,0
US,HIC,ALL,0,both,101000.0,136350.000,136350.0,0.000,101000.0,136350.000,136350.0,0.000,1,1,1,0
US,HIC,ALL,1,both,22746034.0,30707145.900,30570795.900000002,-136349.999999998,22746034.0,30707145.900,30570795.900000002,-136349.999999998,32,32,31,-1
US,HIG,ALL,0,both,175292598.76770815,236645008.3364060025,8090936.363678378,-228554071.9727276245,87273963.56916803,117819850.8183768405,7479319.331113446,-110340531.4872633945,20,20,7,-13
US,HIG,ALL,1,both,906507554.6105088,1223785198.724186880,1215838558.878958,-7946639.845228880,666539312.3997543,899828071.739668305,892493048.9270042,-7335022.812664105,227,227,221,-6
US,HSA,ALL,1,both,101774358.81595239,137395384.4015357265,137395384.40153575,2.35E-8,100967402.81595239,136305993.8015357265,136305993.80153573,3.5E-9,76,76,76,0
UY,33,ALL,0,both,26957835.557093173,36393078.00207578355,35244002.16609751,-1149075.83597827355,17031956.708133373,22993141.55598005355,21844065.720001776,-1149075.83597827755,4,4,4,0
UY,33,ALL,1,both,4723077.212352772,6376154.23667624220,1779850.8927631278,-4596303.34391311440,4723077.212352772,6376154.23667624220,1779850.8927631278,-4596303.34391311440,3,3,3,0
UY,HIG,ALL,1,both,18373346.46597421,24804017.7290651835,24804017.729065187,3.5E-9,18373346.46597421,24804017.7290651835,24804017.729065187,3.5E-9,13,13,13,0
VC,33,ALL,1,both,1800000.0,2430000.000,2430000.0,0.000,1800000.0,2430000.000,2430000.0,0.000,1,1,1,0
VE,HIG,ALL,1,both,6914832.503497354,9335023.87972142790,9335023.879721427,-9.0E-10,6914832.503497354,9335023.87972142790,9335023.879721427,-9.0E-10,6,6,6,0
VG,HIG,ALL,1,both,200403.285247973,270544.43508476355,270544.43508476357,2E-11,200403.285247973,270544.43508476355,270544.43508476357,2E-11,1,1,1,0
VN,33,ALL,0,both,11322.0,15284.700,15284.7,0.000,11322.0,15284.700,15284.7,0.000,1,1,1,0
VN,33,ALL,1,old_only,11322.0,15284.700,0,-15284.700,11322.0,15284.700,0,-15284.700,1,1,0,-1
VN,HIG,ALL,1,both,37605.8604972999,50767.911671354865,50767.91167135487,5E-12,37605.8604972999,50767.911671354865,50767.91167135487,5E-12,1,1,1,0
ZA,33,ALL,0,both,93771188.57508783,126591104.5763685705,118098327.55945736,-8492777.0169112105,90543098.61781561,122233183.1340510735,115366083.5005955,-6867099.6334555735,11,11,11,0
ZA,33,ALL,1,both,161023016.79543495,217381072.6738371825,150565819.699491,-66815252.9743461825,146142616.40434763,197292532.1458693005,133209523.230385,-64083008.9154843005,26,26,25,-1
ZA,3624,ALL,0,old_only,520000.0,702000.000,0,-702000.000,520000.0,702000.000,0,-702000.000,1,1,0,-1
ZA,3624,ALL,1,both,520000.0,702000.000,702000.0,0.000,520000.0,702000.000,702000.0,0.000,1,1,1,0
ZA,HIC,ALL,1,both,2075560.0,2802006.000,2802006.0,0.000,2075560.0,2802006.000,2802006.0,0.000,3,3,3,0
ZA,HIG,ALL,1,both,600583.3421080337,810787.511845845495,810787.5118458454,-9.5E-11,600583.3421080337,810787.511845845495,810787.5118458454,-9.5E-11,3,3,3,0
