entity,region,geocoded,feb_row,march_row,feb_sum_pml,march_sum_pml,change_sum_pml,legacy_US_addition_sum_pml,unexplained_sum_pml,feb_sum_net,march_sum_net,change_sum_net,legacy_US_addition_sum_net,unexplained_sum_net,feb_count_policies,march_count_policies,change_count_policies,legacy_US_addition_count_policies,unexplained_count_policies
33,ALL,0,2,2,4645929142.0892601,4645929142.0892601,0E-7,0,0E-7,2931952651.35181,2931952651.35181,0.00000,0,0.00000,663,663,0,0,0
33,ALL,1,3,3,25152755367.618698,25152755367.618698,0.000000,0,0.000000,18626528497.776199,18626528497.776199,0.000000,0,0.000000,4678,4678,0,0,0
33,is_eu,0,12,12,591803570.79433501,591803570.79433501,0E-8,0,0E-8,395404009.10095602,395404009.10095602,0E-8,0,0E-8,46,46,0,0,0
33,is_eu,1,13,13,15621176039.304501,15621176039.304501,0.000000,0,0.000000,12132651704.075899,12132651704.075899,0.000000,0,0.000000,2767,2767,0,0,0
33,is_jp,0,21,21,3060082.6430000402,3060082.6430000402,0E-10,0,0E-10,1599407.4673806699,1599407.4673806699,0E-10,0,0E-10,3,3,0,0,0
33,is_jp,1,22,22,83586974.900705397,83586974.900705397,0E-9,0,0E-9,47547710.997818798,47547710.997818798,0E-9,0,0E-9,10,10,0,0,0
33,is_na_eq,0,26,26,18301343.574820001,18301343.574820001,0E-9,0,0E-9,16479715.6923308,16479715.6923308,0E-7,0,0E-7,4,4,0,0,0
33,is_na_eq,1,27,27,210957528.07712299,210957528.07712299,0E-8,0,0E-8,106631319.724132,106631319.724132,0.000000,0,0.000000,18,18,0,0,0
33,is_nahu,0,33,33,7114586.37314039,2372926089.2821898,2365811502.90904941,2365811502.9090543,-0.00000489,7114586.37314039,1420410551.7284601,1413295965.35531971,1413295965.355323,-0.00000329,2,328,326,326,0
33,is_nahu,1,34,34,22688725.593346398,761662142.94186294,738973417.348516542,738973417.3485165,4.2E-8,22688725.593346398,448941035.41101199,426252309.817665592,426252309.81766593,-3.38E-7,13,119,106,106,0
33,is_us_all,0,40,42,2365811502.90905,2365811502.90905,0.00000,0,0.00000,1413295965.35532,1413295965.35532,0.00000,0,0.00000,326,326,0,0,0
33,is_us_all,1,41,43,738973417.34851599,738973417.34851599,0E-8,0,0E-8,426252309.81766498,426252309.81766498,0E-8,0,0E-8,106,106,0,0,0
3624,ALL,0,4,4,1652000,1652000,0,0,0,1652000,1652000,0,0,0,9,9,0,0,0
3624,ALL,1,5,5,20414496.800000001,20414496.800000001,0E-9,0,0E-9,20414496.800000001,20414496.800000001,0E-9,0,0E-9,27,27,0,0,0
3624,is_eu,1,14,14,5578000,5578000,0,0,0,5578000,5578000,0,0,0,5,5,0,0,0
3624,is_na_eq,0,28,28,110000,110000,0,0,0,110000,110000,0,0,0,1,1,0,0,0
3624,is_na_eq,1,29,29,110000,110000,0,0,0,110000,110000,0,0,0,1,1,0,0,0
3624,is_nahu,0,35,35,200000,545000,345000,345000.0,0.0,200000,545000,345000,345000.0,0.0,1,2,1,1,0
3624,is_nahu,1,36,36,200000,2662700,2462700,2462700.0,0.0,200000,2662700,2462700,2462700.0,0.0,1,4,3,3,0
3624,is_us_all,0,42,44,345000,345000,0,0,0,345000,345000,0,0,0,1,1,0,0,0
3624,is_us_all,1,43,45,2462700,2462700,0,0,0,2462700,2462700,0,0,0,3,3,0,0,0
HIC,ALL,0,6,6,15433806.3999999,15433806.3999999,0E-7,0,0E-7,15433806.3999999,15433806.3999999,0E-7,0,0E-7,29,29,0,0,0
HIC,ALL,1,7,7,121727653503.478,121727653503.479,0.001,0,0.001,121727653503.478,121727653503.479,0.001,0,0.001,173658,173658,0,0,0
HIC,is_eu,0,15,15,7099946,7099946,0,0,0,7099946,7099946,0,0,0,15,15,0,0,0
HIC,is_eu,1,16,16,121287644939.62,121287644939.62,0.00,0,0.00,121287644939.62,121287644939.62,0.00,0,0.00,173171,173171,0,0,0
HIC,is_jp,1,23,23,276000,276000,0,0,0,276000,276000,0,0,0,2,2,0,0,0
HIC,is_na_eq,1,30,30,212000,212000,0,0,0,212000,212000,0,0,0,1,1,0,0,0
HIC,is_nahu,0,,37,0,101000,101000,101000.0,0.0,0,101000,101000,101000.0,0.0,0,1,1,1,0
HIC,is_nahu,1,,38,0,22746034,22746034,22746034.0,0.0,0,22746034,22746034,22746034.0,0.0,0,32,32,32,0
HIC,is_us_all,0,44,46,101000,101000,0,0,0,101000,101000,0,0,0,1,1,0,0,0
HIC,is_us_all,1,45,47,22746034,22746034,0,0,0,22746034,22746034,0,0,0,32,32,0,0,0
HIG,ALL,0,8,8,699027304.74033594,699027304.74033594,0E-8,0,0E-8,406962151.02545899,406962151.02545899,0E-8,0,0E-8,55,55,0,0,0
HIG,ALL,1,9,9,7347517214.2083502,7347517214.2083597,0.0000095,0,0.0000095,5831772777.3838797,5831772777.3838902,0.0000105,0,0.0000105,1915,1915,0,0,0
HIG,is_eu,0,17,17,210175711.440961,210175711.440961,0.000000,0,0.000000,112614669.916677,112614669.916677,0.000000,0,0.000000,11,11,0,0,0
HIG,is_eu,1,18,18,2859865269.6026502,2859865269.6026502,0E-7,0,0E-7,2193629057.13695,2193629057.13695,0.00000,0,0.00000,612,612,0,0,0
HIG,is_jp,1,24,24,183525417.04899299,183525417.04899299,0E-8,0,0E-8,107035050.91833501,107035050.91833501,0E-8,0,0E-8,42,42,0,0,0
HIG,is_na_eq,1,31,31,7558346.1603288203,7558346.1603288203,0E-10,0,0E-10,7558346.1603288203,7558346.1603288203,0E-10,0,0E-10,4,4,0,0,0
HIG,is_nahu,0,37,39,16448885.4299854,191741484.19769299,175292598.76770759,175292598.76770815,-5.6E-7,16448885.4299854,103722848.999153,87273963.5691676,87273963.56916803,-4.3E-7,3,23,20,20,0
HIG,is_nahu,1,38,40,299151865.576648,1205659420.18715,906507554.610502,906507554.6105088,-0.0000068,257947869.35099801,924487181.75075197,666539312.39975396,666539312.3997543,-3.4E-7,91,318,227,227,0
HIG,is_us_all,0,46,48,175292598.767708,175292598.767708,0.000000,0,0.000000,87273963.569168001,87273963.569168001,0E-9,0,0E-9,20,20,0,0,0
HIG,is_us_all,1,47,49,906507554.61050797,906507554.61050797,0E-8,0,0E-8,666539312.39975405,666539312.39975405,0E-8,0,0E-8,227,227,0,0,0
HSA,ALL,0,10,10,349291128.70019001,349291128.70019001,0E-8,0,0E-8,349291128.70019001,349291128.70019001,0E-8,0,0E-8,201,201,0,0,0
HSA,ALL,1,11,11,77211907517.557693,77211907517.555206,-0.002487,0,-0.002487,75515308379.154907,75515308379.152496,-0.002411,0,-0.002411,89851,89851,0,0,0
HSA,is_eu,0,19,19,75479150.000190407,75479150.000190407,0E-9,0,0E-9,75479150.000190407,75479150.000190407,0E-9,0,0E-9,112,112,0,0,0
HSA,is_eu,1,20,20,56019841640.209999,56019841640.209999,0.000000,0,0.000000,54739890725.055099,54739890725.055099,0.000000,0,0.000000,67520,67520,0,0,0
HSA,is_jp,1,25,25,20201080.800000001,20201080.800000001,0E-9,0,0E-9,20201080.800000001,20201080.800000001,0E-9,0,0E-9,23,23,0,0,0
HSA,is_na_eq,1,32,32,560000,560000,0,0,0,560000,560000,0,0,0,2,2,0,0,0
HSA,is_nahu,1,39,41,5450346.4000000004,107224705.21595199,101774358.8159519896,101774358.81595239,-4.004E-7,5450346.4000000004,106417749.21595199,100967402.8159519896,100967402.81595239,-4.004E-7,10,86,76,76,0
HSA,is_us_all,1,48,50,101774358.815952,101774358.815952,0.000000,0,0.000000,100967402.815952,100967402.815952,0.000000,0,0.000000,76,76,0,0,0
